title,olympiad,year,grade,num,problem_text_ch,problem_solution_ch
LV.AMO.2004.5.1,LV.AMO,2004,5,1,242,284
LV.AMO.2004.5.2,LV.AMO,2004,5,2,365,336
LV.AMO.2004.5.3,LV.AMO,2004,5,3,666,249
LV.AMO.2004.5.4,LV.AMO,2004,5,4,179,421
LV.AMO.2004.5.5,LV.AMO,2004,5,5,330,142
LV.AMO.2004.6.1,LV.AMO,2004,6,1,145,211
LV.AMO.2004.6.2,LV.AMO,2004,6,2,140,169
LV.AMO.2004.6.3,LV.AMO,2004,6,3,246,245
LV.AMO.2004.6.4,LV.AMO,2004,6,4,363,360
LV.AMO.2004.6.5,LV.AMO,2004,6,5,346,137
LV.AMO.2004.7.1,LV.AMO,2004,7,1,217,277
LV.AMO.2004.7.2,LV.AMO,2004,7,2,290,623
LV.AMO.2004.7.3,LV.AMO,2004,7,3,150,538
LV.AMO.2004.7.4,LV.AMO,2004,7,4,304,255
LV.AMO.2004.7.5,LV.AMO,2004,7,5,293,1102
LV.AMO.2004.8.1,LV.AMO,2004,8,1,192,175
LV.AMO.2004.8.2,LV.AMO,2004,8,2,379,187
LV.AMO.2004.8.3,LV.AMO,2004,8,3,223,211
LV.AMO.2004.8.4,LV.AMO,2004,8,4,262,363
LV.AMO.2004.8.5,LV.AMO,2004,8,5,372,1426
LV.AMO.2004.9.1,LV.AMO,2004,9,1,225,202
LV.AMO.2004.9.2,LV.AMO,2004,9,2,291,533
LV.AMO.2004.9.3,LV.AMO,2004,9,3,239,260
LV.AMO.2004.9.4,LV.AMO,2004,9,4,366,691
LV.AMO.2004.9.5,LV.AMO,2004,9,5,230,1842
LV.AMO.2004.10.1,LV.AMO,2004,10,1,92,281
LV.AMO.2004.10.2,LV.AMO,2004,10,2,284,534
LV.AMO.2004.10.3,LV.AMO,2004,10,3,166,345
LV.AMO.2004.10.4,LV.AMO,2004,10,4,338,874
LV.AMO.2004.10.5,LV.AMO,2004,10,5,129,848
LV.AMO.2004.11.1,LV.AMO,2004,11,1,78,305
LV.AMO.2004.11.2,LV.AMO,2004,11,2,284,158
LV.AMO.2004.11.3,LV.AMO,2004,11,3,199,616
LV.AMO.2004.11.4,LV.AMO,2004,11,4,90,180
LV.AMO.2004.11.5,LV.AMO,2004,11,5,344,1002
LV.AMO.2004.12.1,LV.AMO,2004,12,1,262,140
LV.AMO.2004.12.2,LV.AMO,2004,12,2,192,1747
LV.AMO.2004.12.3,LV.AMO,2004,12,3,259,435
LV.AMO.2004.12.4,LV.AMO,2004,12,4,196,1176
LV.AMO.2004.12.5,LV.AMO,2004,12,5,463,1285
LV.AMO.2003.5.1,LV.AMO,2003,5,1,242,457
LV.AMO.2003.5.2,LV.AMO,2003,5,2,287,714
LV.AMO.2003.5.3,LV.AMO,2003,5,3,331,162
LV.AMO.2003.5.4,LV.AMO,2003,5,4,275,179
LV.AMO.2003.5.5,LV.AMO,2003,5,5,296,498
LV.AMO.2003.6.1,LV.AMO,2003,6,1,281,309
LV.AMO.2003.6.2,LV.AMO,2003,6,2,285,408
LV.AMO.2003.6.3,LV.AMO,2003,6,3,215,60
LV.AMO.2003.6.4,LV.AMO,2003,6,4,391,1424
LV.AMO.2003.6.5,LV.AMO,2003,6,5,192,703
LV.AMO.2003.7.1,LV.AMO,2003,7,1,65,233
LV.AMO.2003.7.2,LV.AMO,2003,7,2,301,642
LV.AMO.2003.7.3,LV.AMO,2003,7,3,266,404
LV.AMO.2003.7.4,LV.AMO,2003,7,4,247,324
LV.AMO.2003.7.5,LV.AMO,2003,7,5,339,559
LV.AMO.2003.8.1,LV.AMO,2003,8,1,331,491
LV.AMO.2003.8.2,LV.AMO,2003,8,2,281,495
LV.AMO.2003.8.3,LV.AMO,2003,8,3,170,292
LV.AMO.2003.8.4,LV.AMO,2003,8,4,430,331
LV.AMO.2003.8.5,LV.AMO,2003,8,5,337,556
LV.AMO.2003.9.1,LV.AMO,2003,9,1,171,141
LV.AMO.2003.9.2,LV.AMO,2003,9,2,237,338
LV.AMO.2003.9.3,LV.AMO,2003,9,3,202,730
LV.AMO.2003.9.4,LV.AMO,2003,9,4,124,613
LV.AMO.2003.9.5,LV.AMO,2003,9,5,348,775
LV.AMO.2003.10.1,LV.AMO,2003,10,1,80,148
LV.AMO.2003.10.2,LV.AMO,2003,10,2,333,637
LV.AMO.2003.10.3,LV.AMO,2003,10,3,174,349
LV.AMO.2003.10.4,LV.AMO,2003,10,4,278,683
LV.AMO.2003.10.5,LV.AMO,2003,10,5,243,1043
LV.AMO.2003.11.1,LV.AMO,2003,11,1,112,149
LV.AMO.2003.11.2,LV.AMO,2003,11,2,256,547
LV.AMO.2003.11.3,LV.AMO,2003,11,3,72,359
LV.AMO.2003.11.4,LV.AMO,2003,11,4,218,572
LV.AMO.2003.11.5,LV.AMO,2003,11,5,280,1194
LV.AMO.2003.12.1,LV.AMO,2003,12,1,188,694
LV.AMO.2003.12.2,LV.AMO,2003,12,2,196,399
LV.AMO.2003.12.3,LV.AMO,2003,12,3,289,767
LV.AMO.2003.12.4,LV.AMO,2003,12,4,129,528
LV.AMO.2003.12.5,LV.AMO,2003,12,5,381,1732
LV.AMO.2005.5.1,LV.AMO,2005,5,1,365,329
LV.AMO.2005.5.2,LV.AMO,2005,5,2,287,720
LV.AMO.2005.5.3,LV.AMO,2005,5,3,253,238
LV.AMO.2005.5.4,LV.AMO,2005,5,4,331,473
LV.AMO.2005.5.5,LV.AMO,2005,5,5,196,53
LV.AMO.2005.6.1,LV.AMO,2005,6,1,94,72
LV.AMO.2005.6.2,LV.AMO,2005,6,2,246,261
LV.AMO.2005.6.3,LV.AMO,2005,6,3,192,703
LV.AMO.2005.6.4,LV.AMO,2005,6,4,178,435
LV.AMO.2005.6.5,LV.AMO,2005,6,5,271,687
LV.AMO.2005.7.1,LV.AMO,2005,7,1,184,365
LV.AMO.2005.7.2,LV.AMO,2005,7,2,153,265
LV.AMO.2005.7.3,LV.AMO,2005,7,3,224,469
LV.AMO.2005.7.4,LV.AMO,2005,7,4,113,839
LV.AMO.2005.7.5,LV.AMO,2005,7,5,310,977
LV.AMO.2005.8.1,LV.AMO,2005,8,1,192,174
LV.AMO.2005.8.2,LV.AMO,2005,8,2,233,229
LV.AMO.2005.8.3,LV.AMO,2005,8,3,165,1619
LV.AMO.2005.8.4,LV.AMO,2005,8,4,226,1190
LV.AMO.2005.8.5,LV.AMO,2005,8,5,311,543
LV.AMO.2005.9.1,LV.AMO,2005,9,1,138,308
LV.AMO.2005.9.2,LV.AMO,2005,9,2,124,612
LV.AMO.2005.9.3,LV.AMO,2005,9,3,366,689
LV.AMO.2005.9.4,LV.AMO,2005,9,4,129,703
LV.AMO.2005.9.5,LV.AMO,2005,9,5,576,917
LV.AMO.2005.10.1,LV.AMO,2005,10,1,80,150
LV.AMO.2005.10.2,LV.AMO,2005,10,2,284,321
LV.AMO.2005.10.3,LV.AMO,2005,10,3,82,391
LV.AMO.2005.10.4,LV.AMO,2005,10,4,238,969
LV.AMO.2005.10.5,LV.AMO,2005,10,5,407,1386
LV.AMO.2005.11.1,LV.AMO,2005,11,1,86,506
LV.AMO.2005.11.2,LV.AMO,2005,11,2,199,643
LV.AMO.2005.11.3,LV.AMO,2005,11,3,281,1195
LV.AMO.2005.11.4,LV.AMO,2005,11,4,135,662
LV.AMO.2005.11.5,LV.AMO,2005,11,5,572,1827
LV.AMO.2005.12.1,LV.AMO,2005,12,1,196,399
LV.AMO.2005.12.2,LV.AMO,2005,12,2,186,335
LV.AMO.2005.12.3,LV.AMO,2005,12,3,192,1748
LV.AMO.2005.12.4,LV.AMO,2005,12,4,392,2104
LV.AMO.2005.12.5,LV.AMO,2005,12,5,484,614
LV.AMO.2016.5.1,LV.AMO,2016,5,1,83,163
LV.AMO.2016.5.2,LV.AMO,2016,5,2,86,312
LV.AMO.2016.5.3,LV.AMO,2016,5,3,193,71
LV.AMO.2016.5.4,LV.AMO,2016,5,4,182,49
LV.AMO.2016.5.5,LV.AMO,2016,5,5,173,342
LV.AMO.2016.6.1,LV.AMO,2016,6,1,175,462
LV.AMO.2016.6.2,LV.AMO,2016,6,2,86,367
LV.AMO.2016.6.3,LV.AMO,2016,6,3,415,1090
LV.AMO.2016.6.4,LV.AMO,2016,6,4,457,242
LV.AMO.2016.6.5,LV.AMO,2016,6,5,197,49
LV.AMO.2016.7.1,LV.AMO,2016,7,1,227,536
LV.AMO.2016.7.2,LV.AMO,2016,7,2,259,671
LV.AMO.2016.7.3,LV.AMO,2016,7,3,218,903
LV.AMO.2016.7.4,LV.AMO,2016,7,4,640,642
LV.AMO.2016.7.5,LV.AMO,2016,7,5,430,319
LV.AMO.2016.8.1,LV.AMO,2016,8,1,92,387
LV.AMO.2016.8.2,LV.AMO,2016,8,2,72,521
LV.AMO.2016.8.3,LV.AMO,2016,8,3,126,1038
LV.AMO.2016.8.4,LV.AMO,2016,8,4,201,515
LV.AMO.2016.8.5,LV.AMO,2016,8,5,629,681
LV.AMO.2016.9.1,LV.AMO,2016,9,1,51,197
LV.AMO.2016.9.2,LV.AMO,2016,9,2,76,540
LV.AMO.2016.9.3,LV.AMO,2016,9,3,214,1087
LV.AMO.2016.9.4,LV.AMO,2016,9,4,194,1002
LV.AMO.2016.9.5,LV.AMO,2016,9,5,349,898
LV.AMO.2016.10.1,LV.AMO,2016,10,1,287,500
LV.AMO.2016.10.2,LV.AMO,2016,10,2,77,1195
LV.AMO.2016.10.3,LV.AMO,2016,10,3,184,625
LV.AMO.2016.10.4,LV.AMO,2016,10,4,294,551
LV.AMO.2016.10.5,LV.AMO,2016,10,5,224,535
LV.AMO.2016.11.1,LV.AMO,2016,11,1,112,362
LV.AMO.2016.11.2,LV.AMO,2016,11,2,113,823
LV.AMO.2016.11.3,LV.AMO,2016,11,3,177,640
LV.AMO.2016.11.4,LV.AMO,2016,11,4,301,1074
LV.AMO.2016.11.5,LV.AMO,2016,11,5,428,442
LV.AMO.2016.12.1,LV.AMO,2016,12,1,111,527
LV.AMO.2016.12.2,LV.AMO,2016,12,2,85,365
LV.AMO.2016.12.3,LV.AMO,2016,12,3,136,639
LV.AMO.2016.12.4,LV.AMO,2016,12,4,233,1087
LV.AMO.2016.12.5,LV.AMO,2016,12,5,401,458
LV.AMO.2011.5.1,LV.AMO,2011,5,1,287,780
LV.AMO.2011.5.2,LV.AMO,2011,5,2,304,404
LV.AMO.2011.5.3,LV.AMO,2011,5,3,62,55
LV.AMO.2011.5.4,LV.AMO,2011,5,4,202,413
LV.AMO.2011.5.5,LV.AMO,2011,5,5,331,68
LV.AMO.2011.6.1,LV.AMO,2011,6,1,106,226
LV.AMO.2011.6.2,LV.AMO,2011,6,2,220,413
LV.AMO.2011.6.3,LV.AMO,2011,6,3,265,614
LV.AMO.2011.6.4,LV.AMO,2011,6,4,444,365
LV.AMO.2011.6.5,LV.AMO,2011,6,5,450,691
LV.AMO.2011.7.1,LV.AMO,2011,7,1,354,1361
LV.AMO.2011.7.2,LV.AMO,2011,7,2,441,685
LV.AMO.2011.7.3,LV.AMO,2011,7,3,112,58
LV.AMO.2011.7.4,LV.AMO,2011,7,4,166,99
LV.AMO.2011.7.5,LV.AMO,2011,7,5,150,177
LV.AMO.2011.8.1,LV.AMO,2011,8,1,193,89
LV.AMO.2011.8.2,LV.AMO,2011,8,2,190,455
LV.AMO.2011.8.3,LV.AMO,2011,8,3,208,375
LV.AMO.2011.8.4,LV.AMO,2011,8,4,190,826
LV.AMO.2011.8.5,LV.AMO,2011,8,5,442,512
LV.AMO.2011.9.1,LV.AMO,2011,9,1,126,917
LV.AMO.2011.9.2,LV.AMO,2011,9,2,190,498
LV.AMO.2011.9.3,LV.AMO,2011,9,3,252,333
LV.AMO.2011.9.4,LV.AMO,2011,9,4,151,246
LV.AMO.2011.9.5,LV.AMO,2011,9,5,489,368
LV.AMO.2011.10.1,LV.AMO,2011,10,1,135,738
LV.AMO.2011.10.2,LV.AMO,2011,10,2,241,458
LV.AMO.2011.10.3,LV.AMO,2011,10,3,163,1114
LV.AMO.2011.10.4,LV.AMO,2011,10,4,156,519
LV.AMO.2011.10.5,LV.AMO,2011,10,5,393,433
LV.AMO.2011.11.1,LV.AMO,2011,11,1,324,926
LV.AMO.2011.11.2,LV.AMO,2011,11,2,319,726
LV.AMO.2011.11.3,LV.AMO,2011,11,3,216,730
LV.AMO.2011.11.4,LV.AMO,2011,11,4,243,624
LV.AMO.2011.11.5,LV.AMO,2011,11,5,170,654
LV.AMO.2011.12.1,LV.AMO,2011,12,1,230,1280
LV.AMO.2011.12.2,LV.AMO,2011,12,2,78,1785
LV.AMO.2011.12.3,LV.AMO,2011,12,3,166,985
LV.AMO.2011.12.4,LV.AMO,2011,12,4,148,37
LV.AMO.2011.12.5,LV.AMO,2011,12,5,94,463
LV.AMO.2018.5.1,LV.AMO,2018,5,1,322,386
LV.AMO.2018.5.2,LV.AMO,2018,5,2,370,1027
LV.AMO.2018.5.3,LV.AMO,2018,5,3,203,57
LV.AMO.2018.5.4,LV.AMO,2018,5,4,413,1120
LV.AMO.2018.5.5,LV.AMO,2018,5,5,327,905
LV.AMO.2018.6.1,LV.AMO,2018,6,1,248,439
LV.AMO.2018.6.2,LV.AMO,2018,6,2,398,1119
LV.AMO.2018.6.3,LV.AMO,2018,6,3,230,228
LV.AMO.2018.6.4,LV.AMO,2018,6,4,227,75
LV.AMO.2018.6.5,LV.AMO,2018,6,5,802,2271
LV.AMO.2018.7.1,LV.AMO,2018,7,1,101,758
LV.AMO.2018.7.2,LV.AMO,2018,7,2,243,1227
LV.AMO.2018.7.3,LV.AMO,2018,7,3,109,227
LV.AMO.2018.7.4,LV.AMO,2018,7,4,99,246
LV.AMO.2018.7.5,LV.AMO,2018,7,5,277,815
LV.AMO.2018.8.1,LV.AMO,2018,8,1,122,504
LV.AMO.2018.8.2,LV.AMO,2018,8,2,200,666
LV.AMO.2018.8.3,LV.AMO,2018,8,3,187,848
LV.AMO.2018.8.4,LV.AMO,2018,8,4,401,904
LV.AMO.2018.8.5,LV.AMO,2018,8,5,325,1189
LV.AMO.2018.9.1,LV.AMO,2018,9,1,171,851
LV.AMO.2018.9.2,LV.AMO,2018,9,2,276,1296
LV.AMO.2018.9.3,LV.AMO,2018,9,3,242,563
LV.AMO.2018.9.4,LV.AMO,2018,9,4,110,878
LV.AMO.2018.9.5,LV.AMO,2018,9,5,219,1502
LV.AMO.2018.10.1,LV.AMO,2018,10,1,109,2258
LV.AMO.2018.10.2,LV.AMO,2018,10,2,270,1223
LV.AMO.2018.10.3,LV.AMO,2018,10,3,211,565
LV.AMO.2018.10.4,LV.AMO,2018,10,4,71,3965
LV.AMO.2018.10.5,LV.AMO,2018,10,5,335,1184
LV.AMO.2018.11.1,LV.AMO,2018,11,1,105,1135
LV.AMO.2018.11.2,LV.AMO,2018,11,2,262,1123
LV.AMO.2018.11.3,LV.AMO,2018,11,3,272,704
LV.AMO.2018.11.4,LV.AMO,2018,11,4,68,1559
LV.AMO.2018.11.5,LV.AMO,2018,11,5,104,1403
LV.AMO.2018.12.1,LV.AMO,2018,12,1,74,980
LV.AMO.2018.12.2,LV.AMO,2018,12,2,226,1111
LV.AMO.2018.12.3,LV.AMO,2018,12,3,367,1034
LV.AMO.2018.12.4,LV.AMO,2018,12,4,154,1976
LV.AMO.2018.12.5,LV.AMO,2018,12,5,384,1473
LV.AMO.2019.5.1,LV.AMO,2019,5,1,393,798
LV.AMO.2019.5.2,LV.AMO,2019,5,2,349,597
LV.AMO.2019.5.3,LV.AMO,2019,5,3,109,58
LV.AMO.2019.5.4,LV.AMO,2019,5,4,195,616
LV.AMO.2019.5.5,LV.AMO,2019,5,5,193,774
LV.AMO.2019.6.1,LV.AMO,2019,6,1,119,1439
LV.AMO.2019.6.2,LV.AMO,2019,6,2,307,860
LV.AMO.2019.6.3,LV.AMO,2019,6,3,111,732
LV.AMO.2019.6.4,LV.AMO,2019,6,4,202,144
LV.AMO.2019.6.5,LV.AMO,2019,6,5,123,905
LV.AMO.2019.7.1,LV.AMO,2019,7,1,183,175
LV.AMO.2019.7.2,LV.AMO,2019,7,2,308,748
LV.AMO.2019.7.3,LV.AMO,2019,7,3,224,549
LV.AMO.2019.7.4,LV.AMO,2019,7,4,217,164
LV.AMO.2019.7.5,LV.AMO,2019,7,5,242,1554
LV.AMO.2019.8.1,LV.AMO,2019,8,1,298,1922
LV.AMO.2019.8.2,LV.AMO,2019,8,2,314,422
LV.AMO.2019.8.3,LV.AMO,2019,8,3,183,492
LV.AMO.2019.8.4,LV.AMO,2019,8,4,216,1010
LV.AMO.2019.8.5,LV.AMO,2019,8,5,276,1705
LV.AMO.2019.9.1,LV.AMO,2019,9,1,133,927
LV.AMO.2019.9.2,LV.AMO,2019,9,2,573,663
LV.AMO.2019.9.3,LV.AMO,2019,9,3,394,1423
LV.AMO.2019.9.4,LV.AMO,2019,9,4,304,1425
LV.AMO.2019.9.5,LV.AMO,2019,9,5,197,1112
LV.AMO.2019.10.1,LV.AMO,2019,10,1,118,916
LV.AMO.2019.10.2,LV.AMO,2019,10,2,287,583
LV.AMO.2019.10.3,LV.AMO,2019,10,3,239,644
LV.AMO.2019.10.4,LV.AMO,2019,10,4,86,1222
LV.AMO.2019.10.5,LV.AMO,2019,10,5,271,1854
LV.AMO.2019.11.1,LV.AMO,2019,11,1,111,642
LV.AMO.2019.11.2,LV.AMO,2019,11,2,394,1326
LV.AMO.2019.11.3,LV.AMO,2019,11,3,320,1152
LV.AMO.2019.11.4,LV.AMO,2019,11,4,130,1809
LV.AMO.2019.11.5,LV.AMO,2019,11,5,157,945
LV.AMO.2019.12.1,LV.AMO,2019,12,1,162,324
LV.AMO.2019.12.2,LV.AMO,2019,12,2,394,1737
LV.AMO.2019.12.3,LV.AMO,2019,12,3,224,1009
LV.AMO.2019.12.4,LV.AMO,2019,12,4,201,2042
LV.AMO.2019.12.5,LV.AMO,2019,12,5,331,1910
LV.AMO.2010.5.1,LV.AMO,2010,5,1,376,865
LV.AMO.2010.5.2,LV.AMO,2010,5,2,120,46
LV.AMO.2010.5.3,LV.AMO,2010,5,3,304,403
LV.AMO.2010.5.4,LV.AMO,2010,5,4,737,1325
LV.AMO.2010.5.5,LV.AMO,2010,5,5,354,95
LV.AMO.2010.6.1,LV.AMO,2010,6,1,196,538
LV.AMO.2010.6.2,LV.AMO,2010,6,2,156,28
LV.AMO.2010.6.3,LV.AMO,2010,6,3,450,579
LV.AMO.2010.6.4,LV.AMO,2010,6,4,445,255
LV.AMO.2010.6.5,LV.AMO,2010,6,5,414,894
LV.AMO.2010.7.1,LV.AMO,2010,7,1,309,1004
LV.AMO.2010.7.2,LV.AMO,2010,7,2,127,877
LV.AMO.2010.7.3,LV.AMO,2010,7,3,336,182
LV.AMO.2010.7.4,LV.AMO,2010,7,4,318,638
LV.AMO.2010.7.5,LV.AMO,2010,7,5,358,872
LV.AMO.2010.8.1,LV.AMO,2010,8,1,213,119
LV.AMO.2010.8.2,LV.AMO,2010,8,2,273,1886
LV.AMO.2010.8.3,LV.AMO,2010,8,3,124,1874
LV.AMO.2010.8.4,LV.AMO,2010,8,4,297,2244
LV.AMO.2010.8.5,LV.AMO,2010,8,5,423,413
LV.AMO.2010.9.1,LV.AMO,2010,9,1,222,778
LV.AMO.2010.9.2,LV.AMO,2010,9,2,188,1364
LV.AMO.2010.9.3,LV.AMO,2010,9,3,268,493
LV.AMO.2010.9.4,LV.AMO,2010,9,4,421,1510
LV.AMO.2010.9.5,LV.AMO,2010,9,5,536,362
LV.AMO.2010.10.1,LV.AMO,2010,10,1,208,405
LV.AMO.2010.10.2,LV.AMO,2010,10,2,190,1111
LV.AMO.2010.10.3,LV.AMO,2010,10,3,392,1435
LV.AMO.2010.10.4,LV.AMO,2010,10,4,135,1080
LV.AMO.2010.10.5,LV.AMO,2010,10,5,424,1402
LV.AMO.2010.11.1,LV.AMO,2010,11,1,309,1932
LV.AMO.2010.11.2,LV.AMO,2010,11,2,161,479
LV.AMO.2010.11.3,LV.AMO,2010,11,3,193,709
LV.AMO.2010.11.4,LV.AMO,2010,11,4,410,2057
LV.AMO.2010.11.5,LV.AMO,2010,11,5,285,829
LV.AMO.2010.12.1,LV.AMO,2010,12,1,82,1342
LV.AMO.2010.12.2,LV.AMO,2010,12,2,322,701
LV.AMO.2010.12.3,LV.AMO,2010,12,3,167,435
LV.AMO.2010.12.4,LV.AMO,2010,12,4,228,637
LV.AMO.2010.12.5,LV.AMO,2010,12,5,288,598
LV.AMO.2017.5.1,LV.AMO,2017,5,1,391,1547
LV.AMO.2017.5.2,LV.AMO,2017,5,2,233,466
LV.AMO.2017.5.3,LV.AMO,2017,5,3,327,334
LV.AMO.2017.5.4,LV.AMO,2017,5,4,256,638
LV.AMO.2017.5.5,LV.AMO,2017,5,5,211,1802
LV.AMO.2017.6.1,LV.AMO,2017,6,1,258,293
LV.AMO.2017.6.2,LV.AMO,2017,6,2,255,323
LV.AMO.2017.6.3,LV.AMO,2017,6,3,237,974
LV.AMO.2017.6.4,LV.AMO,2017,6,4,644,958
LV.AMO.2017.6.5,LV.AMO,2017,6,5,135,511
LV.AMO.2017.7.1,LV.AMO,2017,7,1,256,410
LV.AMO.2017.7.2,LV.AMO,2017,7,2,325,399
LV.AMO.2017.7.3,LV.AMO,2017,7,3,268,489
LV.AMO.2017.7.4,LV.AMO,2017,7,4,659,508
LV.AMO.2017.7.5,LV.AMO,2017,7,5,114,797
LV.AMO.2017.8.1,LV.AMO,2017,8,1,136,500
LV.AMO.2017.8.2,LV.AMO,2017,8,2,253,1073
LV.AMO.2017.8.3,LV.AMO,2017,8,3,264,664
LV.AMO.2017.8.4,LV.AMO,2017,8,4,508,1884
LV.AMO.2017.8.5,LV.AMO,2017,8,5,89,484
LV.AMO.2017.9.1,LV.AMO,2017,9,1,142,593
LV.AMO.2017.9.2,LV.AMO,2017,9,2,74,485
LV.AMO.2017.9.3,LV.AMO,2017,9,3,261,2264
LV.AMO.2017.9.4,LV.AMO,2017,9,4,401,1075
LV.AMO.2017.9.5,LV.AMO,2017,9,5,71,1336
LV.AMO.2017.10.1,LV.AMO,2017,10,1,184,1148
LV.AMO.2017.10.2,LV.AMO,2017,10,2,127,1303
LV.AMO.2017.10.3,LV.AMO,2017,10,3,185,3262
LV.AMO.2017.10.4,LV.AMO,2017,10,4,410,656
LV.AMO.2017.10.5,LV.AMO,2017,10,5,119,914
LV.AMO.2017.11.1,LV.AMO,2017,11,1,54,501
LV.AMO.2017.11.2,LV.AMO,2017,11,2,197,541
LV.AMO.2017.11.3,LV.AMO,2017,11,3,336,1116
LV.AMO.2017.11.4,LV.AMO,2017,11,4,232,1427
LV.AMO.2017.11.5,LV.AMO,2017,11,5,314,570
LV.AMO.2017.12.1,LV.AMO,2017,12,1,116,349
LV.AMO.2017.12.2,LV.AMO,2017,12,2,110,486
LV.AMO.2017.12.3,LV.AMO,2017,12,3,306,2044
LV.AMO.2017.12.4,LV.AMO,2017,12,4,330,4875
LV.AMO.2017.12.5,LV.AMO,2017,12,5,308,1185
LV.AMO.2009.5.1,LV.AMO,2009,5,1,303,277
LV.AMO.2009.5.2,LV.AMO,2009,5,2,304,55
LV.AMO.2009.5.3,LV.AMO,2009,5,3,356,46
LV.AMO.2009.5.4,LV.AMO,2009,5,4,304,250
LV.AMO.2009.5.5,LV.AMO,2009,5,5,450,430
LV.AMO.2009.6.1,LV.AMO,2009,6,1,221,297
LV.AMO.2009.6.2,LV.AMO,2009,6,2,332,189
LV.AMO.2009.6.3,LV.AMO,2009,6,3,248,223
LV.AMO.2009.6.4,LV.AMO,2009,6,4,609,360
LV.AMO.2009.6.5,LV.AMO,2009,6,5,450,578
LV.AMO.2009.7.1,LV.AMO,2009,7,1,142,279
LV.AMO.2009.7.2,LV.AMO,2009,7,2,271,854
LV.AMO.2009.7.3,LV.AMO,2009,7,3,226,907
LV.AMO.2009.7.4,LV.AMO,2009,7,4,129,203
LV.AMO.2009.7.5,LV.AMO,2009,7,5,310,588
LV.AMO.2009.8.1,LV.AMO,2009,8,1,148,162
LV.AMO.2009.8.2,LV.AMO,2009,8,2,417,436
LV.AMO.2009.8.3,LV.AMO,2009,8,3,161,267
LV.AMO.2009.8.4,LV.AMO,2009,8,4,598,761
LV.AMO.2009.8.5,LV.AMO,2009,8,5,349,346
LV.AMO.2009.9.1,LV.AMO,2009,9,1,176,165
LV.AMO.2009.9.2,LV.AMO,2009,9,2,88,300
LV.AMO.2009.9.3,LV.AMO,2009,9,3,426,98
LV.AMO.2009.9.4,LV.AMO,2009,9,4,257,468
LV.AMO.2009.9.5,LV.AMO,2009,9,5,492,212
LV.AMO.2009.10.1,LV.AMO,2009,10,1,180,304
LV.AMO.2009.10.2,LV.AMO,2009,10,2,244,267
LV.AMO.2009.10.3,LV.AMO,2009,10,3,390,507
LV.AMO.2009.10.4,LV.AMO,2009,10,4,131,293
LV.AMO.2009.10.5,LV.AMO,2009,10,5,343,353
LV.AMO.2009.11.1,LV.AMO,2009,11,1,139,607
LV.AMO.2009.11.2,LV.AMO,2009,11,2,383,604
LV.AMO.2009.11.3,LV.AMO,2009,11,3,135,417
LV.AMO.2009.11.4,LV.AMO,2009,11,4,349,704
LV.AMO.2009.11.5,LV.AMO,2009,11,5,153,475
LV.AMO.2009.12.1,LV.AMO,2009,12,1,312,368
LV.AMO.2009.12.2,LV.AMO,2009,12,2,81,204
LV.AMO.2009.12.3,LV.AMO,2009,12,3,204,725
LV.AMO.2009.12.4,LV.AMO,2009,12,4,172,555
LV.AMO.2009.12.5,LV.AMO,2009,12,5,294,605
LV.AMO.2007.5.1,LV.AMO,2007,5,1,189,597
LV.AMO.2007.5.2,LV.AMO,2007,5,2,238,729
LV.AMO.2007.5.3,LV.AMO,2007,5,3,303,264
LV.AMO.2007.5.4,LV.AMO,2007,5,4,278,522
LV.AMO.2007.5.5,LV.AMO,2007,5,5,228,366
LV.AMO.2007.6.1,LV.AMO,2007,6,1,188,80
LV.AMO.2007.6.2,LV.AMO,2007,6,2,306,324
LV.AMO.2007.6.3,LV.AMO,2007,6,3,349,917
LV.AMO.2007.6.4,LV.AMO,2007,6,4,251,397
LV.AMO.2007.6.5,LV.AMO,2007,6,5,267,806
LV.AMO.2007.7.1,LV.AMO,2007,7,1,167,544
LV.AMO.2007.7.2,LV.AMO,2007,7,2,132,290
LV.AMO.2007.7.3,LV.AMO,2007,7,3,493,359
LV.AMO.2007.7.4,LV.AMO,2007,7,4,162,269
LV.AMO.2007.7.5,LV.AMO,2007,7,5,238,708
LV.AMO.2007.8.1,LV.AMO,2007,8,1,260,188
LV.AMO.2007.8.2,LV.AMO,2007,8,2,226,1151
LV.AMO.2007.8.3,LV.AMO,2007,8,3,191,299
LV.AMO.2007.8.4,LV.AMO,2007,8,4,700,729
LV.AMO.2007.8.5,LV.AMO,2007,8,5,562,845
LV.AMO.2007.9.1,LV.AMO,2007,9,1,306,395
LV.AMO.2007.9.2,LV.AMO,2007,9,2,320,665
LV.AMO.2007.9.3,LV.AMO,2007,9,3,392,410
LV.AMO.2007.9.4,LV.AMO,2007,9,4,340,451
LV.AMO.2007.9.5,LV.AMO,2007,9,5,399,463
LV.AMO.2007.10.1,LV.AMO,2007,10,1,94,233
LV.AMO.2007.10.2,LV.AMO,2007,10,2,284,625
LV.AMO.2007.10.3,LV.AMO,2007,10,3,188,589
LV.AMO.2007.10.4,LV.AMO,2007,10,4,322,571
LV.AMO.2007.10.5,LV.AMO,2007,10,5,490,603
LV.AMO.2007.11.1,LV.AMO,2007,11,1,129,972
LV.AMO.2007.11.2,LV.AMO,2007,11,2,140,618
LV.AMO.2007.11.3,LV.AMO,2007,11,3,251,580
LV.AMO.2007.11.4,LV.AMO,2007,11,4,414,547
LV.AMO.2007.11.5,LV.AMO,2007,11,5,560,645
LV.AMO.2007.12.1,LV.AMO,2007,12,1,190,294
LV.AMO.2007.12.2,LV.AMO,2007,12,2,277,442
LV.AMO.2007.12.3,LV.AMO,2007,12,3,402,536
LV.AMO.2007.12.4,LV.AMO,2007,12,4,318,908
LV.AMO.2007.12.5,LV.AMO,2007,12,5,319,2012
LV.AMO.2006.5.1,LV.AMO,2006,5,1,420,38
LV.AMO.2006.5.2,LV.AMO,2006,5,2,287,709
LV.AMO.2006.5.3,LV.AMO,2006,5,3,238,729
LV.AMO.2006.5.4,LV.AMO,2006,5,4,309,226
LV.AMO.2006.5.5,LV.AMO,2006,5,5,172,158
LV.AMO.2006.6.1,LV.AMO,2006,6,1,188,80
LV.AMO.2006.6.2,LV.AMO,2006,6,2,192,613
LV.AMO.2006.6.3,LV.AMO,2006,6,3,164,423
LV.AMO.2006.6.4,LV.AMO,2006,6,4,162,317
LV.AMO.2006.6.5,LV.AMO,2006,6,5,429,348
LV.AMO.2006.7.1,LV.AMO,2006,7,1,462,850
LV.AMO.2006.7.2,LV.AMO,2006,7,2,113,520
LV.AMO.2006.7.3,LV.AMO,2006,7,3,132,290
LV.AMO.2006.7.4,LV.AMO,2006,7,4,357,794
LV.AMO.2006.7.5,LV.AMO,2006,7,5,374,716
LV.AMO.2006.8.1,LV.AMO,2006,8,1,192,178
LV.AMO.2006.8.2,LV.AMO,2006,8,2,218,524
LV.AMO.2006.8.3,LV.AMO,2006,8,3,291,598
LV.AMO.2006.8.4,LV.AMO,2006,8,4,232,440
LV.AMO.2006.8.5,LV.AMO,2006,8,5,421,738
LV.AMO.2006.9.1,LV.AMO,2006,9,1,89,678
LV.AMO.2006.9.2,LV.AMO,2006,9,2,366,735
LV.AMO.2006.9.3,LV.AMO,2006,9,3,321,677
LV.AMO.2006.9.4,LV.AMO,2006,9,4,193,697
LV.AMO.2006.9.5,LV.AMO,2006,9,5,254,1043
LV.AMO.2006.10.1,LV.AMO,2006,10,1,255,47
LV.AMO.2006.10.2,LV.AMO,2006,10,2,281,321
LV.AMO.2006.10.3,LV.AMO,2006,10,3,198,1102
LV.AMO.2006.10.4,LV.AMO,2006,10,4,288,1176
LV.AMO.2006.10.5,LV.AMO,2006,10,5,254,468
LV.AMO.2006.11.1,LV.AMO,2006,11,1,226,377
LV.AMO.2006.11.2,LV.AMO,2006,11,2,135,672
LV.AMO.2006.11.3,LV.AMO,2006,11,3,129,980
LV.AMO.2006.11.4,LV.AMO,2006,11,4,80,721
LV.AMO.2006.11.5,LV.AMO,2006,11,5,252,969
LV.AMO.2006.12.1,LV.AMO,2006,12,1,196,399
LV.AMO.2006.12.2,LV.AMO,2006,12,2,190,294
LV.AMO.2006.12.3,LV.AMO,2006,12,3,267,625
LV.AMO.2006.12.4,LV.AMO,2006,12,4,500,478
LV.AMO.2006.12.5,LV.AMO,2006,12,5,467,763
LV.AMO.2008.5.1,LV.AMO,2008,5,1,303,263
LV.AMO.2008.5.2,LV.AMO,2008,5,2,310,182
LV.AMO.2008.5.3,LV.AMO,2008,5,3,156,46
LV.AMO.2008.5.4,LV.AMO,2008,5,4,237,203
LV.AMO.2008.5.5,LV.AMO,2008,5,5,439,533
LV.AMO.2008.6.1,LV.AMO,2008,6,1,305,324
LV.AMO.2008.6.2,LV.AMO,2008,6,2,197,55
LV.AMO.2008.6.3,LV.AMO,2008,6,3,221,297
LV.AMO.2008.6.4,LV.AMO,2008,6,4,289,403
LV.AMO.2008.6.5,LV.AMO,2008,6,5,531,494
LV.AMO.2008.7.1,LV.AMO,2008,7,1,167,318
LV.AMO.2008.7.2,LV.AMO,2008,7,2,142,276
LV.AMO.2008.7.3,LV.AMO,2008,7,3,398,421
LV.AMO.2008.7.4,LV.AMO,2008,7,4,220,524
LV.AMO.2008.7.5,LV.AMO,2008,7,5,159,611
LV.AMO.2008.8.1,LV.AMO,2008,8,1,260,188
LV.AMO.2008.8.2,LV.AMO,2008,8,2,69,267
LV.AMO.2008.8.3,LV.AMO,2008,8,3,277,420
LV.AMO.2008.8.4,LV.AMO,2008,8,4,190,352
LV.AMO.2008.8.5,LV.AMO,2008,8,5,418,436
LV.AMO.2008.9.1,LV.AMO,2008,9,1,310,399
LV.AMO.2008.9.2,LV.AMO,2008,9,2,176,165
LV.AMO.2008.9.3,LV.AMO,2008,9,3,175,301
LV.AMO.2008.9.4,LV.AMO,2008,9,4,276,871
LV.AMO.2008.9.5,LV.AMO,2008,9,5,303,594
LV.AMO.2008.10.1,LV.AMO,2008,10,1,98,246
LV.AMO.2008.10.2,LV.AMO,2008,10,2,180,304
LV.AMO.2008.10.3,LV.AMO,2008,10,3,333,605
LV.AMO.2008.10.4,LV.AMO,2008,10,4,474,297
LV.AMO.2008.10.5,LV.AMO,2008,10,5,284,884
LV.AMO.2008.11.1,LV.AMO,2008,11,1,139,607
LV.AMO.2008.11.2,LV.AMO,2008,11,2,221,806
LV.AMO.2008.11.3,LV.AMO,2008,11,3,248,1066
LV.AMO.2008.11.4,LV.AMO,2008,11,4,281,444
LV.AMO.2008.11.5,LV.AMO,2008,11,5,357,1681
LV.AMO.2008.12.1,LV.AMO,2008,12,1,190,294
LV.AMO.2008.12.2,LV.AMO,2008,12,2,297,1203
LV.AMO.2008.12.3,LV.AMO,2008,12,3,82,205
LV.AMO.2008.12.4,LV.AMO,2008,12,4,175,308
LV.AMO.2008.12.5,LV.AMO,2008,12,5,469,927
LV.AMO.2012.5.1,LV.AMO,2012,5,1,161,149
LV.AMO.2012.5.2,LV.AMO,2012,5,2,154,46
LV.AMO.2012.5.3,LV.AMO,2012,5,3,219,179
LV.AMO.2012.5.4,LV.AMO,2012,5,4,326,709
LV.AMO.2012.5.5,LV.AMO,2012,5,5,139,45
LV.AMO.2012.6.1,LV.AMO,2012,6,1,429,663
LV.AMO.2012.6.2,LV.AMO,2012,6,2,71,62
LV.AMO.2012.6.3,LV.AMO,2012,6,3,281,612
LV.AMO.2012.6.4,LV.AMO,2012,6,4,198,524
LV.AMO.2012.6.5,LV.AMO,2012,6,5,265,896
LV.AMO.2012.7.1,LV.AMO,2012,7,1,96,309
LV.AMO.2012.7.2,LV.AMO,2012,7,2,281,603
LV.AMO.2012.7.3,LV.AMO,2012,7,3,485,707
LV.AMO.2012.7.4,LV.AMO,2012,7,4,90,318
LV.AMO.2012.7.5,LV.AMO,2012,7,5,287,303
LV.AMO.2012.8.1,LV.AMO,2012,8,1,203,107
LV.AMO.2012.8.2,LV.AMO,2012,8,2,164,220
LV.AMO.2012.8.3,LV.AMO,2012,8,3,267,684
LV.AMO.2012.8.4,LV.AMO,2012,8,4,148,1461
LV.AMO.2012.8.5,LV.AMO,2012,8,5,409,506
LV.AMO.2012.9.1,LV.AMO,2012,9,1,67,141
LV.AMO.2012.9.2,LV.AMO,2012,9,2,208,495
LV.AMO.2012.9.3,LV.AMO,2012,9,3,125,226
LV.AMO.2012.9.4,LV.AMO,2012,9,4,379,603
LV.AMO.2012.9.5,LV.AMO,2012,9,5,171,493
LV.AMO.2012.10.1,LV.AMO,2012,10,1,88,541
LV.AMO.2012.10.2,LV.AMO,2012,10,2,86,203
LV.AMO.2012.10.3,LV.AMO,2012,10,3,291,608
LV.AMO.2012.10.4,LV.AMO,2012,10,4,181,521
LV.AMO.2012.10.5,LV.AMO,2012,10,5,352,467
LV.AMO.2012.11.1,LV.AMO,2012,11,1,83,256
LV.AMO.2012.11.2,LV.AMO,2012,11,2,190,1315
LV.AMO.2012.11.3,LV.AMO,2012,11,3,273,636
LV.AMO.2012.11.4,LV.AMO,2012,11,4,76,217
LV.AMO.2012.11.5,LV.AMO,2012,11,5,527,1069
LV.AMO.2012.12.1,LV.AMO,2012,12,1,133,794
LV.AMO.2012.12.2,LV.AMO,2012,12,2,333,758
LV.AMO.2012.12.3,LV.AMO,2012,12,3,57,295
LV.AMO.2012.12.4,LV.AMO,2012,12,4,177,177
LV.AMO.2012.12.5,LV.AMO,2012,12,5,258,1209
LV.AMO.2015.5.1,LV.AMO,2015,5,1,74,93
LV.AMO.2015.5.2,LV.AMO,2015,5,2,181,534
LV.AMO.2015.5.3,LV.AMO,2015,5,3,148,393
LV.AMO.2015.5.4,LV.AMO,2015,5,4,128,1355
LV.AMO.2015.5.5,LV.AMO,2015,5,5,277,1403
LV.AMO.2015.6.1,LV.AMO,2015,6,1,385,440
LV.AMO.2015.6.2,LV.AMO,2015,6,2,196,634
LV.AMO.2015.6.3,LV.AMO,2015,6,3,246,870
LV.AMO.2015.6.4,LV.AMO,2015,6,4,141,724
LV.AMO.2015.6.5,LV.AMO,2015,6,5,481,647
LV.AMO.2015.7.1,LV.AMO,2015,7,1,150,305
LV.AMO.2015.7.2,LV.AMO,2015,7,2,276,517
LV.AMO.2015.7.3,LV.AMO,2015,7,3,239,1813
LV.AMO.2015.7.4,LV.AMO,2015,7,4,206,1472
LV.AMO.2015.7.5,LV.AMO,2015,7,5,306,745
LV.AMO.2015.8.1,LV.AMO,2015,8,1,95,356
LV.AMO.2015.8.2,LV.AMO,2015,8,2,277,471
LV.AMO.2015.8.3,LV.AMO,2015,8,3,125,793
LV.AMO.2015.8.4,LV.AMO,2015,8,4,343,758
LV.AMO.2015.8.5,LV.AMO,2015,8,5,175,1855
LV.AMO.2015.9.1,LV.AMO,2015,9,1,104,370
LV.AMO.2015.9.2,LV.AMO,2015,9,2,444,383
LV.AMO.2015.9.3,LV.AMO,2015,9,3,72,624
LV.AMO.2015.9.4,LV.AMO,2015,9,4,305,564
LV.AMO.2015.9.5,LV.AMO,2015,9,5,229,1504
LV.AMO.2015.10.1,LV.AMO,2015,10,1,87,567
LV.AMO.2015.10.2,LV.AMO,2015,10,2,157,1952
LV.AMO.2015.10.3,LV.AMO,2015,10,3,143,1138
LV.AMO.2015.10.4,LV.AMO,2015,10,4,183,402
LV.AMO.2015.10.5,LV.AMO,2015,10,5,311,1017
LV.AMO.2015.11.1,LV.AMO,2015,11,1,197,786
LV.AMO.2015.11.2,LV.AMO,2015,11,2,259,799
LV.AMO.2015.11.3,LV.AMO,2015,11,3,204,593
LV.AMO.2015.11.4,LV.AMO,2015,11,4,370,2693
LV.AMO.2015.11.5,LV.AMO,2015,11,5,85,858
LV.AMO.2015.12.1,LV.AMO,2015,12,1,122,669
LV.AMO.2015.12.2,LV.AMO,2015,12,2,267,1656
LV.AMO.2015.12.3,LV.AMO,2015,12,3,125,655
LV.AMO.2015.12.4,LV.AMO,2015,12,4,211,1885
LV.AMO.2015.12.5,LV.AMO,2015,12,5,149,966
LV.AMO.2023.5.1,LV.AMO,2023,5,1,286,99
LV.AMO.2023.5.2,LV.AMO,2023,5,2,248,325
LV.AMO.2023.5.3,LV.AMO,2023,5,3,142,119
LV.AMO.2023.5.4,LV.AMO,2023,5,4,522,617
LV.AMO.2023.5.5,LV.AMO,2023,5,5,298,1938
LV.AMO.2023.6.1,LV.AMO,2023,6,1,287,101
LV.AMO.2023.6.2,LV.AMO,2023,6,2,289,364
LV.AMO.2023.6.3,LV.AMO,2023,6,3,507,99
LV.AMO.2023.6.4,LV.AMO,2023,6,4,627,1425
LV.AMO.2023.6.5,LV.AMO,2023,6,5,562,1883
LV.AMO.2023.7.1,LV.AMO,2023,7,1,160,836
LV.AMO.2023.7.2,LV.AMO,2023,7,2,326,871
LV.AMO.2023.7.3,LV.AMO,2023,7,3,492,79
LV.AMO.2023.7.4,LV.AMO,2023,7,4,567,1182
LV.AMO.2023.7.5,LV.AMO,2023,7,5,642,1534
LV.AMO.2023.8.1,LV.AMO,2023,8,1,170,61
LV.AMO.2023.8.2,LV.AMO,2023,8,2,275,817
LV.AMO.2023.8.3,LV.AMO,2023,8,3,207,652
LV.AMO.2023.8.4,LV.AMO,2023,8,4,585,1037
LV.AMO.2023.8.5,LV.AMO,2023,8,5,641,1528
LV.AMO.2023.9.1,LV.AMO,2023,9,1,317,465
LV.AMO.2023.9.2,LV.AMO,2023,9,2,211,630
LV.AMO.2023.9.3,LV.AMO,2023,9,3,185,813
LV.AMO.2023.9.4,LV.AMO,2023,9,4,526,1445
LV.AMO.2023.9.5,LV.AMO,2023,9,5,278,1510
LV.AMO.2023.10.1,LV.AMO,2023,10,1,629,1438
LV.AMO.2023.10.2,LV.AMO,2023,10,2,79,469
LV.AMO.2023.10.3,LV.AMO,2023,10,3,254,2660
LV.AMO.2023.10.4,LV.AMO,2023,10,4,678,2448
LV.AMO.2023.10.5,LV.AMO,2023,10,5,267,864
LV.AMO.2023.11.1,LV.AMO,2023,11,1,298,1979
LV.AMO.2023.11.2,LV.AMO,2023,11,2,104,503
LV.AMO.2023.11.3,LV.AMO,2023,11,3,287,1196
LV.AMO.2023.11.4,LV.AMO,2023,11,4,678,2205
LV.AMO.2023.11.5,LV.AMO,2023,11,5,67,797
LV.AMO.2023.12.1,LV.AMO,2023,12,1,147,116
LV.AMO.2023.12.2,LV.AMO,2023,12,2,111,325
LV.AMO.2023.12.3,LV.AMO,2023,12,3,145,774
LV.AMO.2023.12.4,LV.AMO,2023,12,4,396,2537
LV.AMO.2023.12.5,LV.AMO,2023,12,5,212,1477
LV.AMO.2024.5.1,LV.AMO,2024,5,1,622,83
LV.AMO.2024.5.2,LV.AMO,2024,5,2,305,592
LV.AMO.2024.5.3,LV.AMO,2024,5,3,477,290
LV.AMO.2024.5.4,LV.AMO,2024,5,4,227,65
LV.AMO.2024.5.5,LV.AMO,2024,5,5,599,530
LV.AMO.2024.6.1,LV.AMO,2024,6,1,622,84
LV.AMO.2024.6.2,LV.AMO,2024,6,2,413,985
LV.AMO.2024.6.3,LV.AMO,2024,6,3,458,452
LV.AMO.2024.6.4,LV.AMO,2024,6,4,217,40
LV.AMO.2024.6.5,LV.AMO,2024,6,5,388,1259
LV.AMO.2024.7.1,LV.AMO,2024,7,1,409,1570
LV.AMO.2024.7.2,LV.AMO,2024,7,2,294,571
LV.AMO.2024.7.3,LV.AMO,2024,7,3,224,953
LV.AMO.2024.7.4,LV.AMO,2024,7,4,234,293
LV.AMO.2024.7.5,LV.AMO,2024,7,5,255,880
LV.AMO.2024.8.1,LV.AMO,2024,8,1,313,896
LV.AMO.2024.8.2,LV.AMO,2024,8,2,165,576
LV.AMO.2024.8.3,LV.AMO,2024,8,3,604,2309
LV.AMO.2024.8.4,LV.AMO,2024,8,4,250,1010
LV.AMO.2024.8.5,LV.AMO,2024,8,5,476,1446
LV.AMO.2024.9.1,LV.AMO,2024,9,1,188,725
LV.AMO.2024.9.2,LV.AMO,2024,9,2,241,1370
LV.AMO.2024.9.3,LV.AMO,2024,9,3,328,865
LV.AMO.2024.9.4,LV.AMO,2024,9,4,254,783
LV.AMO.2024.9.5,LV.AMO,2024,9,5,451,1624
LV.AMO.2024.10.1,LV.AMO,2024,10,1,78,735
LV.AMO.2024.10.2,LV.AMO,2024,10,2,179,753
LV.AMO.2024.10.3,LV.AMO,2024,10,3,269,783
LV.AMO.2024.10.4,LV.AMO,2024,10,4,139,764
LV.AMO.2024.10.5,LV.AMO,2024,10,5,340,626
LV.AMO.2024.11.1,LV.AMO,2024,11,1,182,585
LV.AMO.2024.11.2,LV.AMO,2024,11,2,425,984
LV.AMO.2024.11.3,LV.AMO,2024,11,3,259,1248
LV.AMO.2024.11.4,LV.AMO,2024,11,4,120,1655
LV.AMO.2024.11.5,LV.AMO,2024,11,5,368,4013
LV.AMO.2024.12.1,LV.AMO,2024,12,1,136,862
LV.AMO.2024.12.2,LV.AMO,2024,12,2,458,1698
LV.AMO.2024.12.3,LV.AMO,2024,12,3,141,643
LV.AMO.2024.12.4,LV.AMO,2024,12,4,206,676
LV.AMO.2024.12.5,LV.AMO,2024,12,5,298,1008
LV.AMO.2025.8.1,LV.AMO,2025,8,1,333,205
LV.AMO.2025.8.2,LV.AMO,2025,8,2,190,0
LV.AMO.2025.8.3,LV.AMO,2025,8,3,339,0
LV.AMO.2025.8.4,LV.AMO,2025,8,4,361,0
LV.AMO.2025.8.5,LV.AMO,2025,8,5,261,0
LV.AMO.2025.9.1,LV.AMO,2025,9,1,146,0
LV.AMO.2025.9.2,LV.AMO,2025,9,2,167,0
LV.AMO.2025.9.3,LV.AMO,2025,9,3,181,0
LV.AMO.2025.9.4,LV.AMO,2025,9,4,187,0
LV.AMO.2025.9.5,LV.AMO,2025,9,5,361,0
LV.AMO.2014.5.1,LV.AMO,2014,5,1,382,352
LV.AMO.2014.5.2,LV.AMO,2014,5,2,157,257
LV.AMO.2014.5.3,LV.AMO,2014,5,3,333,712
LV.AMO.2014.5.4,LV.AMO,2014,5,4,260,172
LV.AMO.2014.5.5,LV.AMO,2014,5,5,142,649
LV.AMO.2014.6.1,LV.AMO,2014,6,1,374,410
LV.AMO.2014.6.2,LV.AMO,2014,6,2,106,379
LV.AMO.2014.6.3,LV.AMO,2014,6,3,400,303
LV.AMO.2014.6.4,LV.AMO,2014,6,4,209,403
LV.AMO.2014.6.5,LV.AMO,2014,6,5,263,227
LV.AMO.2014.7.1,LV.AMO,2014,7,1,127,931
LV.AMO.2014.7.2,LV.AMO,2014,7,2,112,631
LV.AMO.2014.7.3,LV.AMO,2014,7,3,353,1135
LV.AMO.2014.7.4,LV.AMO,2014,7,4,385,425
LV.AMO.2014.7.5,LV.AMO,2014,7,5,191,268
LV.AMO.2014.8.1,LV.AMO,2014,8,1,156,1134
LV.AMO.2014.8.2,LV.AMO,2014,8,2,119,638
LV.AMO.2014.8.3,LV.AMO,2014,8,3,181,733
LV.AMO.2014.8.4,LV.AMO,2014,8,4,219,618
LV.AMO.2014.8.5,LV.AMO,2014,8,5,371,719
LV.AMO.2014.9.1,LV.AMO,2014,9,1,165,619
LV.AMO.2014.9.2,LV.AMO,2014,9,2,157,419
LV.AMO.2014.9.3,LV.AMO,2014,9,3,294,896
LV.AMO.2014.9.4,LV.AMO,2014,9,4,401,874
LV.AMO.2014.9.5,LV.AMO,2014,9,5,336,699
LV.AMO.2014.10.1,LV.AMO,2014,10,1,93,460
LV.AMO.2014.10.2,LV.AMO,2014,10,2,351,468
LV.AMO.2014.10.3,LV.AMO,2014,10,3,112,262
LV.AMO.2014.10.4,LV.AMO,2014,10,4,152,2060
LV.AMO.2014.10.5,LV.AMO,2014,10,5,155,2323
LV.AMO.2014.11.1,LV.AMO,2014,11,1,299,373
LV.AMO.2014.11.2,LV.AMO,2014,11,2,157,1800
LV.AMO.2014.11.3,LV.AMO,2014,11,3,304,730
LV.AMO.2014.11.4,LV.AMO,2014,11,4,244,750
LV.AMO.2014.11.5,LV.AMO,2014,11,5,77,259
LV.AMO.2014.12.1,LV.AMO,2014,12,1,53,608
LV.AMO.2014.12.2,LV.AMO,2014,12,2,336,776
LV.AMO.2014.12.3,LV.AMO,2014,12,3,68,1650
LV.AMO.2014.12.4,LV.AMO,2014,12,4,229,353
LV.AMO.2014.12.5,LV.AMO,2014,12,5,268,870
LV.AMO.2013.5.1,LV.AMO,2013,5,1,128,512
LV.AMO.2013.5.2,LV.AMO,2013,5,2,330,969
LV.AMO.2013.5.3,LV.AMO,2013,5,3,201,508
LV.AMO.2013.5.4,LV.AMO,2013,5,4,232,46
LV.AMO.2013.5.5,LV.AMO,2013,5,5,250,277
LV.AMO.2013.6.1,LV.AMO,2013,6,1,429,684
LV.AMO.2013.6.2,LV.AMO,2013,6,2,190,447
LV.AMO.2013.6.3,LV.AMO,2013,6,3,142,46
LV.AMO.2013.6.4,LV.AMO,2013,6,4,108,381
LV.AMO.2013.6.5,LV.AMO,2013,6,5,327,494
LV.AMO.2013.7.1,LV.AMO,2013,7,1,147,622
LV.AMO.2013.7.2,LV.AMO,2013,7,2,281,586
LV.AMO.2013.7.3,LV.AMO,2013,7,3,202,1139
LV.AMO.2013.7.4,LV.AMO,2013,7,4,231,125
LV.AMO.2013.7.5,LV.AMO,2013,7,5,327,384
LV.AMO.2013.8.1,LV.AMO,2013,8,1,119,718
LV.AMO.2013.8.2,LV.AMO,2013,8,2,164,212
LV.AMO.2013.8.3,LV.AMO,2013,8,3,95,287
LV.AMO.2013.8.4,LV.AMO,2013,8,4,88,84
LV.AMO.2013.8.5,LV.AMO,2013,8,5,518,540
LV.AMO.2013.9.1,LV.AMO,2013,9,1,172,490
LV.AMO.2013.9.2,LV.AMO,2013,9,2,223,801
LV.AMO.2013.9.3,LV.AMO,2013,9,3,158,458
LV.AMO.2013.9.4,LV.AMO,2013,9,4,153,434
LV.AMO.2013.9.5,LV.AMO,2013,9,5,136,587
LV.AMO.2013.10.1,LV.AMO,2013,10,1,295,617
LV.AMO.2013.10.2,LV.AMO,2013,10,2,213,466
LV.AMO.2013.10.3,LV.AMO,2013,10,3,333,374
LV.AMO.2013.10.4,LV.AMO,2013,10,4,139,1400
LV.AMO.2013.10.5,LV.AMO,2013,10,5,132,616
LV.AMO.2013.11.1,LV.AMO,2013,11,1,84,256
LV.AMO.2013.11.2,LV.AMO,2013,11,2,112,563
LV.AMO.2013.11.3,LV.AMO,2013,11,3,226,1433
LV.AMO.2013.11.4,LV.AMO,2013,11,4,633,994
LV.AMO.2013.11.5,LV.AMO,2013,11,5,289,605
LV.AMO.2013.12.1,LV.AMO,2013,12,1,74,287
LV.AMO.2013.12.2,LV.AMO,2013,12,2,267,1460
LV.AMO.2013.12.3,LV.AMO,2013,12,3,100,272
LV.AMO.2013.12.4,LV.AMO,2013,12,4,645,934
LV.AMO.2013.12.5,LV.AMO,2013,12,5,277,1383
LV.NOL.2020.5.1,LV.NOL,2020,5,1,221,369
LV.NOL.2020.5.2,LV.NOL,2020,5,2,467,1536
LV.NOL.2020.5.3,LV.NOL,2020,5,3,78,49
LV.NOL.2020.5.4,LV.NOL,2020,5,4,248,546
LV.NOL.2020.5.5,LV.NOL,2020,5,5,331,253
LV.NOL.2020.6.1,LV.NOL,2020,6,1,218,411
LV.NOL.2020.6.2,LV.NOL,2020,6,2,64,969
LV.NOL.2020.6.3,LV.NOL,2020,6,3,187,50
LV.NOL.2020.6.4,LV.NOL,2020,6,4,248,547
LV.NOL.2020.6.5,LV.NOL,2020,6,5,322,1554
LV.NOL.2020.7.1,LV.NOL,2020,7,1,142,426
LV.NOL.2020.7.2,LV.NOL,2020,7,2,215,817
LV.NOL.2020.7.3,LV.NOL,2020,7,3,178,1032
LV.NOL.2020.7.4,LV.NOL,2020,7,4,347,705
LV.NOL.2020.7.5,LV.NOL,2020,7,5,123,288
LV.NOL.2020.8.1,LV.NOL,2020,8,1,589,611
LV.NOL.2020.8.2,LV.NOL,2020,8,2,294,884
LV.NOL.2020.8.3,LV.NOL,2020,8,3,107,984
LV.NOL.2020.8.4,LV.NOL,2020,8,4,347,642
LV.NOL.2020.8.5,LV.NOL,2020,8,5,261,765
LV.NOL.2020.9.1,LV.NOL,2020,9,1,150,410
LV.NOL.2020.9.2,LV.NOL,2020,9,2,126,1106
LV.NOL.2020.9.3,LV.NOL,2020,9,3,438,1383
LV.NOL.2020.9.4,LV.NOL,2020,9,4,334,1107
LV.NOL.2020.9.5,LV.NOL,2020,9,5,387,1327
LV.NOL.2020.10.1,LV.NOL,2020,10,1,161,1412
LV.NOL.2020.10.2,LV.NOL,2020,10,2,110,229
LV.NOL.2020.10.3,LV.NOL,2020,10,3,468,1342
LV.NOL.2020.10.4,LV.NOL,2020,10,4,334,1121
LV.NOL.2020.10.5,LV.NOL,2020,10,5,470,2080
LV.NOL.2020.11.1,LV.NOL,2020,11,1,80,1101
LV.NOL.2020.11.2,LV.NOL,2020,11,2,153,758
LV.NOL.2020.11.3,LV.NOL,2020,11,3,283,1679
LV.NOL.2020.11.4,LV.NOL,2020,11,4,202,325
LV.NOL.2020.11.5,LV.NOL,2020,11,5,77,636
LV.NOL.2020.12.1,LV.NOL,2020,12,1,205,1142
LV.NOL.2020.12.2,LV.NOL,2020,12,2,363,757
LV.NOL.2020.12.3,LV.NOL,2020,12,3,411,1388
LV.NOL.2020.12.4,LV.NOL,2020,12,4,1108,1561
LV.NOL.2020.12.5,LV.NOL,2020,12,5,206,1260
LV.NOL.2018.5.1,LV.NOL,2018,5,1,246,235
LV.NOL.2018.5.2,LV.NOL,2018,5,2,434,867
LV.NOL.2018.5.3,LV.NOL,2018,5,3,302,70
LV.NOL.2018.5.4,LV.NOL,2018,5,4,159,450
LV.NOL.2018.5.5,LV.NOL,2018,5,5,360,1143
LV.NOL.2018.6.1,LV.NOL,2018,6,1,160,271
LV.NOL.2018.6.2,LV.NOL,2018,6,2,402,687
LV.NOL.2018.6.3,LV.NOL,2018,6,3,254,613
LV.NOL.2018.6.4,LV.NOL,2018,6,4,255,1151
LV.NOL.2018.6.5,LV.NOL,2018,6,5,358,1243
LV.NOL.2018.7.1,LV.NOL,2018,7,1,228,228
LV.NOL.2018.7.2,LV.NOL,2018,7,2,433,679
LV.NOL.2018.7.3,LV.NOL,2018,7,3,235,954
LV.NOL.2018.7.4,LV.NOL,2018,7,4,238,1706
LV.NOL.2018.7.5,LV.NOL,2018,7,5,322,636
LV.NOL.2018.8.1,LV.NOL,2018,8,1,135,353
LV.NOL.2018.8.2,LV.NOL,2018,8,2,474,1240
LV.NOL.2018.8.3,LV.NOL,2018,8,3,233,1109
LV.NOL.2018.8.4,LV.NOL,2018,8,4,178,904
LV.NOL.2018.8.5,LV.NOL,2018,8,5,322,636
LV.NOL.2018.9.1,LV.NOL,2018,9,1,402,430
LV.NOL.2018.9.2,LV.NOL,2018,9,2,369,903
LV.NOL.2018.9.3,LV.NOL,2018,9,3,196,584
LV.NOL.2018.9.4,LV.NOL,2018,9,4,78,1758
LV.NOL.2018.9.5,LV.NOL,2018,9,5,303,1176
LV.NOL.2018.10.1,LV.NOL,2018,10,1,322,362
LV.NOL.2018.10.2,LV.NOL,2018,10,2,369,1191
LV.NOL.2018.10.3,LV.NOL,2018,10,3,160,778
LV.NOL.2018.10.4,LV.NOL,2018,10,4,185,2322
LV.NOL.2018.10.5,LV.NOL,2018,10,5,307,1555
LV.NOL.2018.11.1,LV.NOL,2018,11,1,305,612
LV.NOL.2018.11.2,LV.NOL,2018,11,2,201,1103
LV.NOL.2018.11.3,LV.NOL,2018,11,3,160,1403
LV.NOL.2018.11.4,LV.NOL,2018,11,4,226,1703
LV.NOL.2018.11.5,LV.NOL,2018,11,5,155,1209
LV.NOL.2018.12.1,LV.NOL,2018,12,1,376,1243
LV.NOL.2018.12.2,LV.NOL,2018,12,2,120,1298
LV.NOL.2018.12.3,LV.NOL,2018,12,3,247,1079
LV.NOL.2018.12.4,LV.NOL,2018,12,4,168,303
LV.NOL.2018.12.5,LV.NOL,2018,12,5,160,1130
LV.NOL.2011.5.1,LV.NOL,2011,5,1,110,43
LV.NOL.2011.5.2,LV.NOL,2011,5,2,70,289
LV.NOL.2011.5.3,LV.NOL,2011,5,3,584,1198
LV.NOL.2011.5.4,LV.NOL,2011,5,4,197,84
LV.NOL.2011.5.5,LV.NOL,2011,5,5,323,301
LV.NOL.2011.6.1,LV.NOL,2011,6,1,132,283
LV.NOL.2011.6.2,LV.NOL,2011,6,2,228,253
LV.NOL.2011.6.3,LV.NOL,2011,6,3,92,112
LV.NOL.2011.6.4,LV.NOL,2011,6,4,198,46
LV.NOL.2011.6.5,LV.NOL,2011,6,5,194,46
LV.NOL.2011.7.1,LV.NOL,2011,7,1,59,428
LV.NOL.2011.7.2,LV.NOL,2011,7,2,108,363
LV.NOL.2011.7.3,LV.NOL,2011,7,3,202,913
LV.NOL.2011.7.4,LV.NOL,2011,7,4,230,258
LV.NOL.2011.7.5,LV.NOL,2011,7,5,659,638
LV.NOL.2011.8.1,LV.NOL,2011,8,1,128,526
LV.NOL.2011.8.2,LV.NOL,2011,8,2,90,50
LV.NOL.2011.8.3,LV.NOL,2011,8,3,204,309
LV.NOL.2011.8.4,LV.NOL,2011,8,4,397,767
LV.NOL.2011.8.5,LV.NOL,2011,8,5,688,649
LV.NOL.2011.9.1,LV.NOL,2011,9,1,150,141
LV.NOL.2011.9.2,LV.NOL,2011,9,2,264,628
LV.NOL.2011.9.3,LV.NOL,2011,9,3,288,369
LV.NOL.2011.9.4,LV.NOL,2011,9,4,88,314
LV.NOL.2011.9.5,LV.NOL,2011,9,5,452,663
LV.NOL.2011.10.1,LV.NOL,2011,10,1,142,531
LV.NOL.2011.10.2,LV.NOL,2011,10,2,91,430
LV.NOL.2011.10.3,LV.NOL,2011,10,3,189,556
LV.NOL.2011.10.4,LV.NOL,2011,10,4,237,557
LV.NOL.2011.10.5,LV.NOL,2011,10,5,504,1134
LV.NOL.2011.11.1,LV.NOL,2011,11,1,66,171
LV.NOL.2011.11.2,LV.NOL,2011,11,2,265,727
LV.NOL.2011.11.3,LV.NOL,2011,11,3,129,812
LV.NOL.2011.11.4,LV.NOL,2011,11,4,122,921
LV.NOL.2011.11.5,LV.NOL,2011,11,5,200,700
LV.NOL.2011.12.1,LV.NOL,2011,12,1,141,976
LV.NOL.2011.12.2,LV.NOL,2011,12,2,258,477
LV.NOL.2011.12.3,LV.NOL,2011,12,3,284,1009
LV.NOL.2011.12.4,LV.NOL,2011,12,4,348,496
LV.NOL.2011.12.5,LV.NOL,2011,12,5,114,243
LV.NOL.2016.5.1,LV.NOL,2016,5,1,143,368
LV.NOL.2016.5.2,LV.NOL,2016,5,2,286,565
LV.NOL.2016.5.3,LV.NOL,2016,5,3,338,621
LV.NOL.2016.5.4,LV.NOL,2016,5,4,231,81
LV.NOL.2016.5.5,LV.NOL,2016,5,5,117,49
LV.NOL.2016.6.1,LV.NOL,2016,6,1,194,268
LV.NOL.2016.6.2,LV.NOL,2016,6,2,285,660
LV.NOL.2016.6.3,LV.NOL,2016,6,3,177,38
LV.NOL.2016.6.4,LV.NOL,2016,6,4,190,980
LV.NOL.2016.6.5,LV.NOL,2016,6,5,178,1034
LV.NOL.2016.7.1,LV.NOL,2016,7,1,289,549
LV.NOL.2016.7.2,LV.NOL,2016,7,2,171,695
LV.NOL.2016.7.3,LV.NOL,2016,7,3,263,38
LV.NOL.2016.7.4,LV.NOL,2016,7,4,278,763
LV.NOL.2016.7.5,LV.NOL,2016,7,5,189,864
LV.NOL.2016.8.1,LV.NOL,2016,8,1,74,270
LV.NOL.2016.8.2,LV.NOL,2016,8,2,297,1531
LV.NOL.2016.8.3,LV.NOL,2016,8,3,145,433
LV.NOL.2016.8.4,LV.NOL,2016,8,4,190,528
LV.NOL.2016.8.5,LV.NOL,2016,8,5,694,966
LV.NOL.2016.9.1,LV.NOL,2016,9,1,81,422
LV.NOL.2016.9.2,LV.NOL,2016,9,2,255,2025
LV.NOL.2016.9.3,LV.NOL,2016,9,3,114,913
LV.NOL.2016.9.4,LV.NOL,2016,9,4,254,626
LV.NOL.2016.9.5,LV.NOL,2016,9,5,179,863
LV.NOL.2016.10.1,LV.NOL,2016,10,1,120,1908
LV.NOL.2016.10.2,LV.NOL,2016,10,2,122,617
LV.NOL.2016.10.3,LV.NOL,2016,10,3,264,682
LV.NOL.2016.10.4,LV.NOL,2016,10,4,268,348
LV.NOL.2016.10.5,LV.NOL,2016,10,5,213,549
LV.NOL.2016.11.1,LV.NOL,2016,11,1,67,1756
LV.NOL.2016.11.2,LV.NOL,2016,11,2,128,872
LV.NOL.2016.11.3,LV.NOL,2016,11,3,188,863
LV.NOL.2016.11.4,LV.NOL,2016,11,4,302,618
LV.NOL.2016.11.5,LV.NOL,2016,11,5,419,411
LV.NOL.2016.12.1,LV.NOL,2016,12,1,66,371
LV.NOL.2016.12.2,LV.NOL,2016,12,2,124,2304
LV.NOL.2016.12.3,LV.NOL,2016,12,3,167,1098
LV.NOL.2016.12.4,LV.NOL,2016,12,4,285,1005
LV.NOL.2016.12.5,LV.NOL,2016,12,5,70,821
LV.NOL.2017.5.1,LV.NOL,2017,5,1,723,1091
LV.NOL.2017.5.2,LV.NOL,2017,5,2,139,567
LV.NOL.2017.5.3,LV.NOL,2017,5,3,520,596
LV.NOL.2017.5.4,LV.NOL,2017,5,4,343,95
LV.NOL.2017.5.5,LV.NOL,2017,5,5,645,116
LV.NOL.2017.6.1,LV.NOL,2017,6,1,609,301
LV.NOL.2017.6.2,LV.NOL,2017,6,2,135,495
LV.NOL.2017.6.3,LV.NOL,2017,6,3,598,98
LV.NOL.2017.6.4,LV.NOL,2017,6,4,407,71
LV.NOL.2017.6.5,LV.NOL,2017,6,5,496,751
LV.NOL.2017.7.1,LV.NOL,2017,7,1,241,388
LV.NOL.2017.7.2,LV.NOL,2017,7,2,191,418
LV.NOL.2017.7.3,LV.NOL,2017,7,3,317,99
LV.NOL.2017.7.4,LV.NOL,2017,7,4,238,1107
LV.NOL.2017.7.5,LV.NOL,2017,7,5,213,955
LV.NOL.2017.8.1,LV.NOL,2017,8,1,376,371
LV.NOL.2017.8.2,LV.NOL,2017,8,2,258,393
LV.NOL.2017.8.3,LV.NOL,2017,8,3,747,881
LV.NOL.2017.8.4,LV.NOL,2017,8,4,232,767
LV.NOL.2017.8.5,LV.NOL,2017,8,5,561,2013
LV.NOL.2017.9.1,LV.NOL,2017,9,1,227,759
LV.NOL.2017.9.2,LV.NOL,2017,9,2,53,937
LV.NOL.2017.9.3,LV.NOL,2017,9,3,188,511
LV.NOL.2017.9.4,LV.NOL,2017,9,4,295,404
LV.NOL.2017.9.5,LV.NOL,2017,9,5,309,1272
LV.NOL.2017.10.1,LV.NOL,2017,10,1,714,948
LV.NOL.2017.10.2,LV.NOL,2017,10,2,67,506
LV.NOL.2017.10.3,LV.NOL,2017,10,3,221,2112
LV.NOL.2017.10.4,LV.NOL,2017,10,4,273,1649
LV.NOL.2017.10.5,LV.NOL,2017,10,5,578,2414
LV.NOL.2017.11.1,LV.NOL,2017,11,1,240,795
LV.NOL.2017.11.2,LV.NOL,2017,11,2,101,479
LV.NOL.2017.11.3,LV.NOL,2017,11,3,126,1957
LV.NOL.2017.11.4,LV.NOL,2017,11,4,180,885
LV.NOL.2017.11.5,LV.NOL,2017,11,5,623,1205
LV.NOL.2017.12.1,LV.NOL,2017,12,1,198,355
LV.NOL.2017.12.2,LV.NOL,2017,12,2,69,595
LV.NOL.2017.12.3,LV.NOL,2017,12,3,363,1020
LV.NOL.2017.12.4,LV.NOL,2017,12,4,442,651
LV.NOL.2017.12.5,LV.NOL,2017,12,5,151,1161
LV.NOL.2010.5.1,LV.NOL,2010,5,1,165,48
LV.NOL.2010.5.2,LV.NOL,2010,5,2,289,369
LV.NOL.2010.5.3,LV.NOL,2010,5,3,183,169
LV.NOL.2010.5.4,LV.NOL,2010,5,4,183,55
LV.NOL.2010.5.5,LV.NOL,2010,5,5,274,224
LV.NOL.2010.6.1,LV.NOL,2010,6,1,233,201
LV.NOL.2010.6.2,LV.NOL,2010,6,2,111,118
LV.NOL.2010.6.3,LV.NOL,2010,6,3,333,50
LV.NOL.2010.6.4,LV.NOL,2010,6,4,334,609
LV.NOL.2010.6.5,LV.NOL,2010,6,5,274,427
LV.NOL.2010.7.1,LV.NOL,2010,7,1,304,236
LV.NOL.2010.7.2,LV.NOL,2010,7,2,89,133
LV.NOL.2010.7.3,LV.NOL,2010,7,3,107,495
LV.NOL.2010.7.4,LV.NOL,2010,7,4,210,278
LV.NOL.2010.7.5,LV.NOL,2010,7,5,272,211
LV.NOL.2010.8.1,LV.NOL,2010,8,1,332,407
LV.NOL.2010.8.2,LV.NOL,2010,8,2,122,306
LV.NOL.2010.8.3,LV.NOL,2010,8,3,110,205
LV.NOL.2010.8.4,LV.NOL,2010,8,4,226,255
LV.NOL.2010.8.5,LV.NOL,2010,8,5,164,248
LV.NOL.2010.9.1,LV.NOL,2010,9,1,212,161
LV.NOL.2010.9.2,LV.NOL,2010,9,2,268,817
LV.NOL.2010.9.3,LV.NOL,2010,9,3,136,403
LV.NOL.2010.9.4,LV.NOL,2010,9,4,273,309
LV.NOL.2010.9.5,LV.NOL,2010,9,5,133,247
LV.NOL.2010.10.1,LV.NOL,2010,10,1,149,526
LV.NOL.2010.10.2,LV.NOL,2010,10,2,180,755
LV.NOL.2010.10.3,LV.NOL,2010,10,3,225,513
LV.NOL.2010.10.4,LV.NOL,2010,10,4,54,951
LV.NOL.2010.10.5,LV.NOL,2010,10,5,505,441
LV.NOL.2010.11.1,LV.NOL,2010,11,1,231,693
LV.NOL.2010.11.2,LV.NOL,2010,11,2,71,462
LV.NOL.2010.11.3,LV.NOL,2010,11,3,116,224
LV.NOL.2010.11.4,LV.NOL,2010,11,4,248,372
LV.NOL.2010.11.5,LV.NOL,2010,11,5,507,476
LV.NOL.2010.12.1,LV.NOL,2010,12,1,188,506
LV.NOL.2010.12.2,LV.NOL,2010,12,2,226,448
LV.NOL.2010.12.3,LV.NOL,2010,12,3,68,330
LV.NOL.2010.12.4,LV.NOL,2010,12,4,229,382
LV.NOL.2010.12.5,LV.NOL,2010,12,5,384,959
LV.NOL.2019.5.1,LV.NOL,2019,5,1,366,513
LV.NOL.2019.5.2,LV.NOL,2019,5,2,189,2226
LV.NOL.2019.5.3,LV.NOL,2019,5,3,468,158
LV.NOL.2019.5.4,LV.NOL,2019,5,4,574,139
LV.NOL.2019.5.5,LV.NOL,2019,5,5,228,392
LV.NOL.2019.6.1,LV.NOL,2019,6,1,349,377
LV.NOL.2019.6.2,LV.NOL,2019,6,2,228,1619
LV.NOL.2019.6.3,LV.NOL,2019,6,3,301,717
LV.NOL.2019.6.4,LV.NOL,2019,6,4,261,711
LV.NOL.2019.6.5,LV.NOL,2019,6,5,242,696
LV.NOL.2019.7.1,LV.NOL,2019,7,1,254,393
LV.NOL.2019.7.2,LV.NOL,2019,7,2,299,2123
LV.NOL.2019.7.3,LV.NOL,2019,7,3,467,162
LV.NOL.2019.7.4,LV.NOL,2019,7,4,72,465
LV.NOL.2019.7.5,LV.NOL,2019,7,5,384,1292
LV.NOL.2019.8.1,LV.NOL,2019,8,1,252,351
LV.NOL.2019.8.2,LV.NOL,2019,8,2,179,866
LV.NOL.2019.8.3,LV.NOL,2019,8,3,157,420
LV.NOL.2019.8.4,LV.NOL,2019,8,4,411,606
LV.NOL.2019.8.5,LV.NOL,2019,8,5,271,957
LV.NOL.2019.9.1,LV.NOL,2019,9,1,176,429
LV.NOL.2019.9.2,LV.NOL,2019,9,2,298,2632
LV.NOL.2019.9.3,LV.NOL,2019,9,3,211,2122
LV.NOL.2019.9.4,LV.NOL,2019,9,4,420,1113
LV.NOL.2019.9.5,LV.NOL,2019,9,5,110,2054
LV.NOL.2019.10.1,LV.NOL,2019,10,1,168,419
LV.NOL.2019.10.2,LV.NOL,2019,10,2,245,2233
LV.NOL.2019.10.3,LV.NOL,2019,10,3,559,491
LV.NOL.2019.10.4,LV.NOL,2019,10,4,161,524
LV.NOL.2019.10.5,LV.NOL,2019,10,5,63,1440
LV.NOL.2019.11.1,LV.NOL,2019,11,1,162,649
LV.NOL.2019.11.2,LV.NOL,2019,11,2,283,1869
LV.NOL.2019.11.3,LV.NOL,2019,11,3,412,1075
LV.NOL.2019.11.4,LV.NOL,2019,11,4,142,1742
LV.NOL.2019.11.5,LV.NOL,2019,11,5,63,1358
LV.NOL.2019.12.1,LV.NOL,2019,12,1,235,1864
LV.NOL.2019.12.2,LV.NOL,2019,12,2,223,1757
LV.NOL.2019.12.3,LV.NOL,2019,12,3,228,1771
LV.NOL.2019.12.4,LV.NOL,2019,12,4,130,1361
LV.NOL.2019.12.5,LV.NOL,2019,12,5,93,1101
LV.NOL.2021.5.1,LV.NOL,2021,5,1,714,1368
LV.NOL.2021.5.2,LV.NOL,2021,5,2,283,307
LV.NOL.2021.5.3,LV.NOL,2021,5,3,563,597
LV.NOL.2021.6.1,LV.NOL,2021,6,1,684,1446
LV.NOL.2021.6.2,LV.NOL,2021,6,2,208,225
LV.NOL.2021.6.3,LV.NOL,2021,6,3,310,887
LV.NOL.2021.7.1,LV.NOL,2021,7,1,159,495
LV.NOL.2021.7.2,LV.NOL,2021,7,2,234,348
LV.NOL.2021.7.3,LV.NOL,2021,7,3,396,911
LV.NOL.2021.8.1,LV.NOL,2021,8,1,162,383
LV.NOL.2021.8.2,LV.NOL,2021,8,2,116,1918
LV.NOL.2021.8.3,LV.NOL,2021,8,3,241,769
LV.NOL.2021.9.1,LV.NOL,2021,9,1,455,765
LV.NOL.2021.9.2,LV.NOL,2021,9,2,164,1148
LV.NOL.2021.9.3,LV.NOL,2021,9,3,100,408
LV.NOL.2021.9.4,LV.NOL,2021,9,4,145,690
LV.NOL.2021.9.5,LV.NOL,2021,9,5,245,406
LV.NOL.2021.10.1,LV.NOL,2021,10,1,431,886
LV.NOL.2021.10.2,LV.NOL,2021,10,2,182,618
LV.NOL.2021.10.3,LV.NOL,2021,10,3,247,2856
LV.NOL.2021.10.4,LV.NOL,2021,10,4,117,2269
LV.NOL.2021.10.5,LV.NOL,2021,10,5,243,610
LV.NOL.2021.11.1,LV.NOL,2021,11,1,312,2154
LV.NOL.2021.11.2,LV.NOL,2021,11,2,186,493
LV.NOL.2021.11.3,LV.NOL,2021,11,3,258,432
LV.NOL.2021.11.4,LV.NOL,2021,11,4,317,1275
LV.NOL.2021.11.5,LV.NOL,2021,11,5,448,1248
LV.NOL.2021.12.1,LV.NOL,2021,12,1,264,1027
LV.NOL.2021.12.2,LV.NOL,2021,12,2,59,493
LV.NOL.2021.12.3,LV.NOL,2021,12,3,157,2475
LV.NOL.2021.12.4,LV.NOL,2021,12,4,167,1217
LV.NOL.2021.12.5,LV.NOL,2021,12,5,575,3444
LV.NOL.2004.5.1,LV.NOL,2004,5,1,190,199
LV.NOL.2004.5.2,LV.NOL,2004,5,2,164,201
LV.NOL.2004.5.3,LV.NOL,2004,5,3,250,47
LV.NOL.2004.5.4,LV.NOL,2004,5,4,359,215
LV.NOL.2004.5.5,LV.NOL,2004,5,5,369,447
LV.NOL.2004.6.1,LV.NOL,2004,6,1,163,192
LV.NOL.2004.6.2,LV.NOL,2004,6,2,264,275
LV.NOL.2004.6.3,LV.NOL,2004,6,3,148,140
LV.NOL.2004.6.4,LV.NOL,2004,6,4,258,406
LV.NOL.2004.6.5,LV.NOL,2004,6,5,286,400
LV.NOL.2004.7.1,LV.NOL,2004,7,1,132,314
LV.NOL.2004.7.2,LV.NOL,2004,7,2,260,84
LV.NOL.2004.7.3,LV.NOL,2004,7,3,249,726
LV.NOL.2004.7.4,LV.NOL,2004,7,4,263,244
LV.NOL.2004.7.5,LV.NOL,2004,7,5,178,277
LV.NOL.2004.8.1,LV.NOL,2004,8,1,222,859
LV.NOL.2004.8.2,LV.NOL,2004,8,2,189,940
LV.NOL.2004.8.3,LV.NOL,2004,8,3,196,294
LV.NOL.2004.8.4,LV.NOL,2004,8,4,819,370
LV.NOL.2004.8.5,LV.NOL,2004,8,5,397,667
LV.NOL.2004.9.1,LV.NOL,2004,9,1,93,155
LV.NOL.2004.9.2,LV.NOL,2004,9,2,133,300
LV.NOL.2004.9.3,LV.NOL,2004,9,3,226,381
LV.NOL.2004.9.4,LV.NOL,2004,9,4,354,321
LV.NOL.2004.9.5,LV.NOL,2004,9,5,218,307
LV.NOL.2004.10.1,LV.NOL,2004,10,1,71,233
LV.NOL.2004.10.2,LV.NOL,2004,10,2,277,1070
LV.NOL.2004.10.3,LV.NOL,2004,10,3,169,471
LV.NOL.2004.10.4,LV.NOL,2004,10,4,626,581
LV.NOL.2004.10.5,LV.NOL,2004,10,5,229,289
LV.NOL.2004.11.1,LV.NOL,2004,11,1,157,353
LV.NOL.2004.11.2,LV.NOL,2004,11,2,103,655
LV.NOL.2004.11.3,LV.NOL,2004,11,3,209,476
LV.NOL.2004.11.4,LV.NOL,2004,11,4,224,1153
LV.NOL.2004.11.5,LV.NOL,2004,11,5,398,767
LV.NOL.2004.12.1,LV.NOL,2004,12,1,218,649
LV.NOL.2004.12.2,LV.NOL,2004,12,2,370,875
LV.NOL.2004.12.3,LV.NOL,2004,12,3,284,793
LV.NOL.2004.12.4,LV.NOL,2004,12,4,71,517
LV.NOL.2004.12.5,LV.NOL,2004,12,5,426,1226
LV.NOL.2005.5.1,LV.NOL,2005,5,1,190,208
LV.NOL.2005.5.2,LV.NOL,2005,5,2,403,230
LV.NOL.2005.5.3,LV.NOL,2005,5,3,327,271
LV.NOL.2005.5.4,LV.NOL,2005,5,4,309,316
LV.NOL.2005.5.5,LV.NOL,2005,5,5,435,357
LV.NOL.2005.6.1,LV.NOL,2005,6,1,258,409
LV.NOL.2005.6.2,LV.NOL,2005,6,2,229,347
LV.NOL.2005.6.3,LV.NOL,2005,6,3,293,445
LV.NOL.2005.6.4,LV.NOL,2005,6,4,221,628
LV.NOL.2005.6.5,LV.NOL,2005,6,5,457,742
LV.NOL.2005.7.1,LV.NOL,2005,7,1,132,208
LV.NOL.2005.7.2,LV.NOL,2005,7,2,92,244
LV.NOL.2005.7.3,LV.NOL,2005,7,3,360,331
LV.NOL.2005.7.4,LV.NOL,2005,7,4,240,789
LV.NOL.2005.7.5,LV.NOL,2005,7,5,261,455
LV.NOL.2005.8.1,LV.NOL,2005,8,1,188,482
LV.NOL.2005.8.2,LV.NOL,2005,8,2,398,368
LV.NOL.2005.8.3,LV.NOL,2005,8,3,384,955
LV.NOL.2005.8.4,LV.NOL,2005,8,4,145,273
LV.NOL.2005.8.5,LV.NOL,2005,8,5,61,362
LV.NOL.2005.9.1,LV.NOL,2005,9,1,92,152
LV.NOL.2005.9.2,LV.NOL,2005,9,2,155,272
LV.NOL.2005.9.3,LV.NOL,2005,9,3,298,386
LV.NOL.2005.9.4,LV.NOL,2005,9,4,141,808
LV.NOL.2005.9.5,LV.NOL,2005,9,5,378,1485
LV.NOL.2005.10.1,LV.NOL,2005,10,1,368,588
LV.NOL.2005.10.2,LV.NOL,2005,10,2,212,380
LV.NOL.2005.10.3,LV.NOL,2005,10,3,337,522
LV.NOL.2005.10.4,LV.NOL,2005,10,4,199,285
LV.NOL.2005.10.5,LV.NOL,2005,10,5,393,730
LV.NOL.2005.11.1,LV.NOL,2005,11,1,60,233
LV.NOL.2005.11.2,LV.NOL,2005,11,2,224,1153
LV.NOL.2005.11.3,LV.NOL,2005,11,3,256,720
LV.NOL.2005.11.4,LV.NOL,2005,11,4,121,602
LV.NOL.2005.11.5,LV.NOL,2005,11,5,297,841
LV.NOL.2005.12.1,LV.NOL,2005,12,1,224,321
LV.NOL.2005.12.2,LV.NOL,2005,12,2,279,792
LV.NOL.2005.12.3,LV.NOL,2005,12,3,318,1029
LV.NOL.2005.12.4,LV.NOL,2005,12,4,324,351
LV.NOL.2005.12.5,LV.NOL,2005,12,5,135,961
LV.NOL.2024.5.1,LV.NOL,2024,5,1,187,71
LV.NOL.2024.5.2,LV.NOL,2024,5,2,207,280
LV.NOL.2024.5.3,LV.NOL,2024,5,3,447,39
LV.NOL.2024.5.4,LV.NOL,2024,5,4,281,359
LV.NOL.2024.5.5,LV.NOL,2024,5,5,361,911
LV.NOL.2024.6.1,LV.NOL,2024,6,1,186,73
LV.NOL.2024.6.2,LV.NOL,2024,6,2,163,616
LV.NOL.2024.6.3,LV.NOL,2024,6,3,449,40
LV.NOL.2024.6.4,LV.NOL,2024,6,4,281,631
LV.NOL.2024.6.5,LV.NOL,2024,6,5,316,292
LV.NOL.2024.7.1,LV.NOL,2024,7,1,311,40
LV.NOL.2024.7.2,LV.NOL,2024,7,2,75,552
LV.NOL.2024.7.3,LV.NOL,2024,7,3,163,981
LV.NOL.2024.7.4,LV.NOL,2024,7,4,196,51
LV.NOL.2024.7.5,LV.NOL,2024,7,5,377,640
LV.NOL.2024.8.1,LV.NOL,2024,8,1,106,179
LV.NOL.2024.8.2,LV.NOL,2024,8,2,171,938
LV.NOL.2024.8.3,LV.NOL,2024,8,3,375,283
LV.NOL.2024.8.4,LV.NOL,2024,8,4,344,674
LV.NOL.2024.8.5,LV.NOL,2024,8,5,265,351
LV.NOL.2024.9.1,LV.NOL,2024,9,1,195,780
LV.NOL.2024.9.2,LV.NOL,2024,9,2,79,1838
LV.NOL.2024.9.3,LV.NOL,2024,9,3,105,964
LV.NOL.2024.9.4,LV.NOL,2024,9,4,359,823
LV.NOL.2024.9.5,LV.NOL,2024,9,5,196,412
LV.NOL.2024.10.1,LV.NOL,2024,10,1,419,693
LV.NOL.2024.10.2,LV.NOL,2024,10,2,91,484
LV.NOL.2024.10.3,LV.NOL,2024,10,3,265,1222
LV.NOL.2024.10.4,LV.NOL,2024,10,4,101,1869
LV.NOL.2024.10.5,LV.NOL,2024,10,5,366,752
LV.NOL.2024.11.1,LV.NOL,2024,11,1,365,607
LV.NOL.2024.11.2,LV.NOL,2024,11,2,167,997
LV.NOL.2024.11.3,LV.NOL,2024,11,3,242,1989
LV.NOL.2024.11.4,LV.NOL,2024,11,4,258,1846
LV.NOL.2024.11.5,LV.NOL,2024,11,5,437,2914
LV.NOL.2024.12.1,LV.NOL,2024,12,1,133,911
LV.NOL.2024.12.2,LV.NOL,2024,12,2,174,1299
LV.NOL.2024.12.3,LV.NOL,2024,12,3,218,1069
LV.NOL.2024.12.4,LV.NOL,2024,12,4,446,1111
LV.NOL.2024.12.5,LV.NOL,2024,12,5,82,2528
LV.NOL.2023.5.1,LV.NOL,2023,5,1,332,920
LV.NOL.2023.5.2,LV.NOL,2023,5,2,267,461
LV.NOL.2023.5.3,LV.NOL,2023,5,3,335,54
LV.NOL.2023.5.4,LV.NOL,2023,5,4,137,251
LV.NOL.2023.5.5,LV.NOL,2023,5,5,279,455
LV.NOL.2023.6.1,LV.NOL,2023,6,1,156,654
LV.NOL.2023.6.2,LV.NOL,2023,6,2,285,461
LV.NOL.2023.6.3,LV.NOL,2023,6,3,262,79
LV.NOL.2023.6.4,LV.NOL,2023,6,4,154,656
LV.NOL.2023.6.5,LV.NOL,2023,6,5,232,751
LV.NOL.2023.7.1,LV.NOL,2023,7,1,277,77
LV.NOL.2023.7.2,LV.NOL,2023,7,2,144,650
LV.NOL.2023.7.3,LV.NOL,2023,7,3,148,319
LV.NOL.2023.7.4,LV.NOL,2023,7,4,97,850
LV.NOL.2023.7.5,LV.NOL,2023,7,5,408,875
LV.NOL.2023.8.1,LV.NOL,2023,8,1,338,1048
LV.NOL.2023.8.2,LV.NOL,2023,8,2,278,1059
LV.NOL.2023.8.3,LV.NOL,2023,8,3,204,722
LV.NOL.2023.8.4,LV.NOL,2023,8,4,254,66
LV.NOL.2023.8.5,LV.NOL,2023,8,5,370,1503
LV.NOL.2023.9.1,LV.NOL,2023,9,1,129,902
LV.NOL.2023.9.2,LV.NOL,2023,9,2,217,419
LV.NOL.2023.9.3,LV.NOL,2023,9,3,141,695
LV.NOL.2023.9.4,LV.NOL,2023,9,4,113,1230
LV.NOL.2023.9.5,LV.NOL,2023,9,5,434,994
LV.NOL.2023.10.1,LV.NOL,2023,10,1,95,684
LV.NOL.2023.10.2,LV.NOL,2023,10,2,342,928
LV.NOL.2023.10.3,LV.NOL,2023,10,3,110,931
LV.NOL.2023.10.4,LV.NOL,2023,10,4,111,513
LV.NOL.2023.10.5,LV.NOL,2023,10,5,355,2117
LV.NOL.2023.11.1,LV.NOL,2023,11,1,74,807
LV.NOL.2023.11.2,LV.NOL,2023,11,2,268,1526
LV.NOL.2023.11.3,LV.NOL,2023,11,3,269,1092
LV.NOL.2023.11.4,LV.NOL,2023,11,4,118,1303
LV.NOL.2023.11.5,LV.NOL,2023,11,5,643,1814
LV.NOL.2023.12.1,LV.NOL,2023,12,1,138,832
LV.NOL.2023.12.2,LV.NOL,2023,12,2,298,1047
LV.NOL.2023.12.3,LV.NOL,2023,12,3,257,845
LV.NOL.2023.12.4,LV.NOL,2023,12,4,119,1987
LV.NOL.2023.12.5,LV.NOL,2023,12,5,276,1066
LV.NOL.2015.5.1,LV.NOL,2015,5,1,366,299
LV.NOL.2015.5.2,LV.NOL,2015,5,2,241,584
LV.NOL.2015.5.3,LV.NOL,2015,5,3,375,110
LV.NOL.2015.5.4,LV.NOL,2015,5,4,261,791
LV.NOL.2015.5.5,LV.NOL,2015,5,5,367,627
LV.NOL.2015.6.1,LV.NOL,2015,6,1,392,372
LV.NOL.2015.6.2,LV.NOL,2015,6,2,309,539
LV.NOL.2015.6.3,LV.NOL,2015,6,3,288,173
LV.NOL.2015.6.4,LV.NOL,2015,6,4,188,1173
LV.NOL.2015.6.5,LV.NOL,2015,6,5,163,503
LV.NOL.2015.7.1,LV.NOL,2015,7,1,56,260
LV.NOL.2015.7.2,LV.NOL,2015,7,2,329,742
LV.NOL.2015.7.3,LV.NOL,2015,7,3,284,355
LV.NOL.2015.7.4,LV.NOL,2015,7,4,156,440
LV.NOL.2015.7.5,LV.NOL,2015,7,5,503,916
LV.NOL.2015.8.1,LV.NOL,2015,8,1,87,967
LV.NOL.2015.8.2,LV.NOL,2015,8,2,379,1039
LV.NOL.2015.8.3,LV.NOL,2015,8,3,138,727
LV.NOL.2015.8.4,LV.NOL,2015,8,4,169,638
LV.NOL.2015.8.5,LV.NOL,2015,8,5,151,623
LV.NOL.2015.9.1,LV.NOL,2015,9,1,68,794
LV.NOL.2015.9.2,LV.NOL,2015,9,2,409,513
LV.NOL.2015.9.3,LV.NOL,2015,9,3,99,1266
LV.NOL.2015.9.4,LV.NOL,2015,9,4,380,1637
LV.NOL.2015.9.5,LV.NOL,2015,9,5,161,1039
LV.NOL.2015.10.1,LV.NOL,2015,10,1,127,1315
LV.NOL.2015.10.2,LV.NOL,2015,10,2,264,777
LV.NOL.2015.10.3,LV.NOL,2015,10,3,120,2064
LV.NOL.2015.10.4,LV.NOL,2015,10,4,222,1782
LV.NOL.2015.10.5,LV.NOL,2015,10,5,317,711
LV.NOL.2015.11.1,LV.NOL,2015,11,1,50,863
LV.NOL.2015.11.2,LV.NOL,2015,11,2,311,938
LV.NOL.2015.11.3,LV.NOL,2015,11,3,188,1638
LV.NOL.2015.11.4,LV.NOL,2015,11,4,149,1284
LV.NOL.2015.11.5,LV.NOL,2015,11,5,706,1628
LV.NOL.2015.12.1,LV.NOL,2015,12,1,91,1225
LV.NOL.2015.12.2,LV.NOL,2015,12,2,229,890
LV.NOL.2015.12.3,LV.NOL,2015,12,3,150,676
LV.NOL.2015.12.4,LV.NOL,2015,12,4,293,831
LV.NOL.2015.12.5,LV.NOL,2015,12,5,157,1473
LV.NOL.2012.5.1,LV.NOL,2012,5,1,190,174
LV.NOL.2012.5.2,LV.NOL,2012,5,2,85,279
LV.NOL.2012.5.3,LV.NOL,2012,5,3,140,259
LV.NOL.2012.5.4,LV.NOL,2012,5,4,526,349
LV.NOL.2012.5.5,LV.NOL,2012,5,5,647,83
LV.NOL.2012.6.1,LV.NOL,2012,6,1,94,29
LV.NOL.2012.6.2,LV.NOL,2012,6,2,235,257
LV.NOL.2012.6.3,LV.NOL,2012,6,3,211,662
LV.NOL.2012.6.4,LV.NOL,2012,6,4,137,442
LV.NOL.2012.6.5,LV.NOL,2012,6,5,396,888
LV.NOL.2012.7.1,LV.NOL,2012,7,1,260,393
LV.NOL.2012.7.2,LV.NOL,2012,7,2,105,46
LV.NOL.2012.7.3,LV.NOL,2012,7,3,221,959
LV.NOL.2012.7.4,LV.NOL,2012,7,4,40,423
LV.NOL.2012.7.5,LV.NOL,2012,7,5,376,330
LV.NOL.2012.8.1,LV.NOL,2012,8,1,114,127
LV.NOL.2012.8.2,LV.NOL,2012,8,2,231,286
LV.NOL.2012.8.3,LV.NOL,2012,8,3,165,201
LV.NOL.2012.8.4,LV.NOL,2012,8,4,135,184
LV.NOL.2012.8.5,LV.NOL,2012,8,5,287,309
LV.NOL.2012.9.1,LV.NOL,2012,9,1,152,140
LV.NOL.2012.9.2,LV.NOL,2012,9,2,157,335
LV.NOL.2012.9.3,LV.NOL,2012,9,3,128,544
LV.NOL.2012.9.4,LV.NOL,2012,9,4,328,749
LV.NOL.2012.9.5,LV.NOL,2012,9,5,189,483
LV.NOL.2012.10.1,LV.NOL,2012,10,1,143,536
LV.NOL.2012.10.2,LV.NOL,2012,10,2,246,657
LV.NOL.2012.10.3,LV.NOL,2012,10,3,144,728
LV.NOL.2012.10.4,LV.NOL,2012,10,4,125,326
LV.NOL.2012.10.5,LV.NOL,2012,10,5,689,289
LV.NOL.2012.11.1,LV.NOL,2012,11,1,177,323
LV.NOL.2012.11.2,LV.NOL,2012,11,2,134,667
LV.NOL.2012.11.3,LV.NOL,2012,11,3,164,640
LV.NOL.2012.11.4,LV.NOL,2012,11,4,193,538
LV.NOL.2012.11.5,LV.NOL,2012,11,5,219,620
LV.NOL.2012.12.1,LV.NOL,2012,12,1,87,202
LV.NOL.2012.12.2,LV.NOL,2012,12,2,114,243
LV.NOL.2012.12.3,LV.NOL,2012,12,3,231,641
LV.NOL.2012.12.4,LV.NOL,2012,12,4,78,439
LV.NOL.2012.12.5,LV.NOL,2012,12,5,456,2192
LV.NOL.2013.5.1,LV.NOL,2013,5,1,98,85
LV.NOL.2013.5.2,LV.NOL,2013,5,2,59,49
LV.NOL.2013.5.3,LV.NOL,2013,5,3,127,243
LV.NOL.2013.5.4,LV.NOL,2013,5,4,250,654
LV.NOL.2013.5.5,LV.NOL,2013,5,5,135,244
LV.NOL.2013.6.1,LV.NOL,2013,6,1,120,92
LV.NOL.2013.6.2,LV.NOL,2013,6,2,390,458
LV.NOL.2013.6.3,LV.NOL,2013,6,3,212,898
LV.NOL.2013.6.4,LV.NOL,2013,6,4,660,433
LV.NOL.2013.6.5,LV.NOL,2013,6,5,314,302
LV.NOL.2013.7.1,LV.NOL,2013,7,1,228,1132
LV.NOL.2013.7.2,LV.NOL,2013,7,2,112,696
LV.NOL.2013.7.3,LV.NOL,2013,7,3,105,420
LV.NOL.2013.7.4,LV.NOL,2013,7,4,123,704
LV.NOL.2013.7.5,LV.NOL,2013,7,5,375,330
LV.NOL.2013.8.1,LV.NOL,2013,8,1,113,161
LV.NOL.2013.8.2,LV.NOL,2013,8,2,273,736
LV.NOL.2013.8.3,LV.NOL,2013,8,3,75,334
LV.NOL.2013.8.4,LV.NOL,2013,8,4,198,997
LV.NOL.2013.8.5,LV.NOL,2013,8,5,389,1046
LV.NOL.2013.9.1,LV.NOL,2013,9,1,84,45
LV.NOL.2013.9.2,LV.NOL,2013,9,2,157,335
LV.NOL.2013.9.3,LV.NOL,2013,9,3,138,267
LV.NOL.2013.9.4,LV.NOL,2013,9,4,258,474
LV.NOL.2013.9.5,LV.NOL,2013,9,5,310,391
LV.NOL.2013.10.1,LV.NOL,2013,10,1,256,629
LV.NOL.2013.10.2,LV.NOL,2013,10,2,169,1389
LV.NOL.2013.10.3,LV.NOL,2013,10,3,115,363
LV.NOL.2013.10.4,LV.NOL,2013,10,4,130,337
LV.NOL.2013.10.5,LV.NOL,2013,10,5,240,396
LV.NOL.2013.11.1,LV.NOL,2013,11,1,54,502
LV.NOL.2013.11.2,LV.NOL,2013,11,2,182,648
LV.NOL.2013.11.3,LV.NOL,2013,11,3,216,625
LV.NOL.2013.11.4,LV.NOL,2013,11,4,186,260
LV.NOL.2013.11.5,LV.NOL,2013,11,5,245,778
LV.NOL.2013.12.1,LV.NOL,2013,12,1,115,495
LV.NOL.2013.12.2,LV.NOL,2013,12,2,231,635
LV.NOL.2013.12.3,LV.NOL,2013,12,3,157,689
LV.NOL.2013.12.4,LV.NOL,2013,12,4,226,1180
LV.NOL.2013.12.5,LV.NOL,2013,12,5,352,1505
LV.NOL.2014.5.1,LV.NOL,2014,5,1,380,357
LV.NOL.2014.5.2,LV.NOL,2014,5,2,241,677
LV.NOL.2014.5.3,LV.NOL,2014,5,3,159,384
LV.NOL.2014.5.4,LV.NOL,2014,5,4,132,1737
LV.NOL.2014.5.5,LV.NOL,2014,5,5,131,267
LV.NOL.2014.6.1,LV.NOL,2014,6,1,269,78
LV.NOL.2014.6.2,LV.NOL,2014,6,2,273,49
LV.NOL.2014.6.3,LV.NOL,2014,6,3,394,106
LV.NOL.2014.6.4,LV.NOL,2014,6,4,158,2117
LV.NOL.2014.6.5,LV.NOL,2014,6,5,390,671
LV.NOL.2014.7.1,LV.NOL,2014,7,1,464,637
LV.NOL.2014.7.2,LV.NOL,2014,7,2,177,805
LV.NOL.2014.7.3,LV.NOL,2014,7,3,111,1269
LV.NOL.2014.7.4,LV.NOL,2014,7,4,392,361
LV.NOL.2014.7.5,LV.NOL,2014,7,5,424,434
LV.NOL.2014.8.1,LV.NOL,2014,8,1,153,301
LV.NOL.2014.8.2,LV.NOL,2014,8,2,140,606
LV.NOL.2014.8.3,LV.NOL,2014,8,3,77,977
LV.NOL.2014.8.4,LV.NOL,2014,8,4,362,421
LV.NOL.2014.8.5,LV.NOL,2014,8,5,171,1262
LV.NOL.2014.9.1,LV.NOL,2014,9,1,101,964
LV.NOL.2014.9.2,LV.NOL,2014,9,2,129,618
LV.NOL.2014.9.3,LV.NOL,2014,9,3,60,970
LV.NOL.2014.9.4,LV.NOL,2014,9,4,318,1057
LV.NOL.2014.9.5,LV.NOL,2014,9,5,147,939
LV.NOL.2014.10.1,LV.NOL,2014,10,1,70,961
LV.NOL.2014.10.2,LV.NOL,2014,10,2,194,799
LV.NOL.2014.10.3,LV.NOL,2014,10,3,131,789
LV.NOL.2014.10.4,LV.NOL,2014,10,4,250,677
LV.NOL.2014.10.5,LV.NOL,2014,10,5,245,1664
LV.NOL.2014.11.1,LV.NOL,2014,11,1,202,438
LV.NOL.2014.11.2,LV.NOL,2014,11,2,241,806
LV.NOL.2014.11.3,LV.NOL,2014,11,3,155,816
LV.NOL.2014.11.4,LV.NOL,2014,11,4,314,1130
LV.NOL.2014.11.5,LV.NOL,2014,11,5,142,823
LV.NOL.2014.12.1,LV.NOL,2014,12,1,142,196
LV.NOL.2014.12.2,LV.NOL,2014,12,2,210,599
LV.NOL.2014.12.3,LV.NOL,2014,12,3,299,687
LV.NOL.2014.12.4,LV.NOL,2014,12,4,419,922
LV.NOL.2014.12.5,LV.NOL,2014,12,5,155,610
LV.NOL.2022.5.1,LV.NOL,2022,5,1,114,353
LV.NOL.2022.5.2,LV.NOL,2022,5,2,285,43
LV.NOL.2022.5.3,LV.NOL,2022,5,3,292,350
LV.NOL.2022.5.4,LV.NOL,2022,5,4,129,1105
LV.NOL.2022.5.5,LV.NOL,2022,5,5,205,292
LV.NOL.2022.6.1,LV.NOL,2022,6,1,186,344
LV.NOL.2022.6.2,LV.NOL,2022,6,2,356,44
LV.NOL.2022.6.3,LV.NOL,2022,6,3,292,353
LV.NOL.2022.6.4,LV.NOL,2022,6,4,239,649
LV.NOL.2022.6.5,LV.NOL,2022,6,5,496,799
LV.NOL.2022.7.1,LV.NOL,2022,7,1,99,507
LV.NOL.2022.7.2,LV.NOL,2022,7,2,84,142
LV.NOL.2022.7.3,LV.NOL,2022,7,3,102,477
LV.NOL.2022.7.4,LV.NOL,2022,7,4,266,138
LV.NOL.2022.7.5,LV.NOL,2022,7,5,360,504
LV.NOL.2022.8.1,LV.NOL,2022,8,1,81,515
LV.NOL.2022.8.2,LV.NOL,2022,8,2,122,52
LV.NOL.2022.8.3,LV.NOL,2022,8,3,100,340
LV.NOL.2022.8.4,LV.NOL,2022,8,4,75,284
LV.NOL.2022.8.5,LV.NOL,2022,8,5,547,481
LV.NOL.2022.9.1,LV.NOL,2022,9,1,90,846
LV.NOL.2022.9.2,LV.NOL,2022,9,2,168,137
LV.NOL.2022.9.3,LV.NOL,2022,9,3,193,581
LV.NOL.2022.9.4,LV.NOL,2022,9,4,91,879
LV.NOL.2022.9.5,LV.NOL,2022,9,5,234,689
LV.NOL.2022.10.1,LV.NOL,2022,10,1,126,1256
LV.NOL.2022.10.2,LV.NOL,2022,10,2,58,637
LV.NOL.2022.10.3,LV.NOL,2022,10,3,383,791
LV.NOL.2022.10.4,LV.NOL,2022,10,4,208,1166
LV.NOL.2022.10.5,LV.NOL,2022,10,5,259,1564
LV.NOL.2022.11.1,LV.NOL,2022,11,1,145,658
LV.NOL.2022.11.2,LV.NOL,2022,11,2,76,1069
LV.NOL.2022.11.3,LV.NOL,2022,11,3,137,971
LV.NOL.2022.11.4,LV.NOL,2022,11,4,106,648
LV.NOL.2022.11.5,LV.NOL,2022,11,5,160,851
LV.NOL.2022.12.1,LV.NOL,2022,12,1,453,969
LV.NOL.2022.12.2,LV.NOL,2022,12,2,62,1034
LV.NOL.2022.12.3,LV.NOL,2022,12,3,203,1150
LV.NOL.2022.12.4,LV.NOL,2022,12,4,69,2071
LV.NOL.2022.12.5,LV.NOL,2022,12,5,380,1062
LV.NOL.2025.5.1,LV.NOL,2025,5,1,502,87
LV.NOL.2025.5.2,LV.NOL,2025,5,2,79,437
LV.NOL.2025.5.3,LV.NOL,2025,5,3,231,50
LV.NOL.2025.5.4,LV.NOL,2025,5,4,496,395
LV.NOL.2025.5.5,LV.NOL,2025,5,5,665,1147
LV.NOL.2025.6.1,LV.NOL,2025,6,1,510,87
LV.NOL.2025.6.2,LV.NOL,2025,6,2,120,525
LV.NOL.2025.6.3,LV.NOL,2025,6,3,197,50
LV.NOL.2025.6.4,LV.NOL,2025,6,4,598,415
LV.NOL.2025.6.5,LV.NOL,2025,6,5,661,1064
LV.NOL.2025.7.1,LV.NOL,2025,7,1,243,117
LV.NOL.2025.7.2,LV.NOL,2025,7,2,114,1035
LV.NOL.2025.7.3,LV.NOL,2025,7,3,256,549
LV.NOL.2025.7.4,LV.NOL,2025,7,4,237,1015
LV.NOL.2025.7.5,LV.NOL,2025,7,5,277,175
LV.NOL.2025.8.1,LV.NOL,2025,8,1,240,269
LV.NOL.2025.8.2,LV.NOL,2025,8,2,105,769
LV.NOL.2025.8.3,LV.NOL,2025,8,3,106,1056
LV.NOL.2025.8.4,LV.NOL,2025,8,4,493,441
LV.NOL.2025.8.5,LV.NOL,2025,8,5,277,185
LV.NOL.2025.9.1,LV.NOL,2025,9,1,80,229
LV.NOL.2025.9.2,LV.NOL,2025,9,2,139,1090
LV.NOL.2025.9.3,LV.NOL,2025,9,3,122,706
LV.NOL.2025.9.4,LV.NOL,2025,9,4,329,210
LV.NOL.2025.9.5,LV.NOL,2025,9,5,277,587
LV.NOL.2025.10.1,LV.NOL,2025,10,1,105,942
LV.NOL.2025.10.2,LV.NOL,2025,10,2,106,1124
LV.NOL.2025.10.3,LV.NOL,2025,10,3,263,820
LV.NOL.2025.10.4,LV.NOL,2025,10,4,693,1722
LV.NOL.2025.10.5,LV.NOL,2025,10,5,67,1507
LV.NOL.2025.11.1,LV.NOL,2025,11,1,72,332
LV.NOL.2025.11.2,LV.NOL,2025,11,2,106,552
LV.NOL.2025.11.3,LV.NOL,2025,11,3,249,1762
LV.NOL.2025.11.4,LV.NOL,2025,11,4,406,2247
LV.NOL.2025.11.5,LV.NOL,2025,11,5,104,919
LV.NOL.2025.12.1,LV.NOL,2025,12,1,149,451
LV.NOL.2025.12.2,LV.NOL,2025,12,2,113,1253
LV.NOL.2025.12.3,LV.NOL,2025,12,3,147,1019
LV.NOL.2025.12.4,LV.NOL,2025,12,4,446,2250
LV.NOL.2025.12.5,LV.NOL,2025,12,5,424,1437
LV.NOL.2007.5.1,LV.NOL,2007,5,1,322,55
LV.NOL.2007.5.2,LV.NOL,2007,5,2,477,611
LV.NOL.2007.5.3,LV.NOL,2007,5,3,175,55
LV.NOL.2007.5.4,LV.NOL,2007,5,4,376,404
LV.NOL.2007.5.5,LV.NOL,2007,5,5,89,276
LV.NOL.2007.6.1,LV.NOL,2007,6,1,308,390
LV.NOL.2007.6.2,LV.NOL,2007,6,2,335,205
LV.NOL.2007.6.3,LV.NOL,2007,6,3,297,138
LV.NOL.2007.6.4,LV.NOL,2007,6,4,161,137
LV.NOL.2007.6.5,LV.NOL,2007,6,5,290,731
LV.NOL.2007.7.1,LV.NOL,2007,7,1,119,307
LV.NOL.2007.7.2,LV.NOL,2007,7,2,274,390
LV.NOL.2007.7.3,LV.NOL,2007,7,3,331,55
LV.NOL.2007.7.4,LV.NOL,2007,7,4,78,851
LV.NOL.2007.7.5,LV.NOL,2007,7,5,431,625
LV.NOL.2007.8.1,LV.NOL,2007,8,1,432,244
LV.NOL.2007.8.2,LV.NOL,2007,8,2,61,183
LV.NOL.2007.8.3,LV.NOL,2007,8,3,202,275
LV.NOL.2007.8.4,LV.NOL,2007,8,4,111,935
LV.NOL.2007.8.5,LV.NOL,2007,8,5,363,312
LV.NOL.2007.9.1,LV.NOL,2007,9,1,155,273
LV.NOL.2007.9.2,LV.NOL,2007,9,2,87,170
LV.NOL.2007.9.3,LV.NOL,2007,9,3,259,282
LV.NOL.2007.9.4,LV.NOL,2007,9,4,246,362
LV.NOL.2007.9.5,LV.NOL,2007,9,5,357,444
LV.NOL.2007.10.1,LV.NOL,2007,10,1,343,920
LV.NOL.2007.10.2,LV.NOL,2007,10,2,328,592
LV.NOL.2007.10.3,LV.NOL,2007,10,3,248,180
LV.NOL.2007.10.4,LV.NOL,2007,10,4,229,453
LV.NOL.2007.10.5,LV.NOL,2007,10,5,66,262
LV.NOL.2007.11.1,LV.NOL,2007,11,1,59,374
LV.NOL.2007.11.2,LV.NOL,2007,11,2,297,844
LV.NOL.2007.11.3,LV.NOL,2007,11,3,197,301
LV.NOL.2007.11.4,LV.NOL,2007,11,4,211,490
LV.NOL.2007.11.5,LV.NOL,2007,11,5,228,329
LV.NOL.2007.12.1,LV.NOL,2007,12,1,323,316
LV.NOL.2007.12.2,LV.NOL,2007,12,2,553,706
LV.NOL.2007.12.3,LV.NOL,2007,12,3,180,601
LV.NOL.2007.12.4,LV.NOL,2007,12,4,261,674
LV.NOL.2007.12.5,LV.NOL,2007,12,5,389,675
LV.NOL.2009.5.1,LV.NOL,2009,5,1,185,118
LV.NOL.2009.5.2,LV.NOL,2009,5,2,309,46
LV.NOL.2009.5.3,LV.NOL,2009,5,3,579,109
LV.NOL.2009.5.4,LV.NOL,2009,5,4,420,139
LV.NOL.2009.5.5,LV.NOL,2009,5,5,284,373
LV.NOL.2009.6.1,LV.NOL,2009,6,1,226,46
LV.NOL.2009.6.2,LV.NOL,2009,6,2,261,138
LV.NOL.2009.6.3,LV.NOL,2009,6,3,233,209
LV.NOL.2009.6.4,LV.NOL,2009,6,4,304,411
LV.NOL.2009.6.5,LV.NOL,2009,6,5,401,1243
LV.NOL.2009.7.1,LV.NOL,2009,7,1,116,553
LV.NOL.2009.7.2,LV.NOL,2009,7,2,304,236
LV.NOL.2009.7.3,LV.NOL,2009,7,3,376,947
LV.NOL.2009.7.4,LV.NOL,2009,7,4,301,968
LV.NOL.2009.7.5,LV.NOL,2009,7,5,590,1010
LV.NOL.2009.8.1,LV.NOL,2009,8,1,283,1258
LV.NOL.2009.8.2,LV.NOL,2009,8,2,98,101
LV.NOL.2009.8.3,LV.NOL,2009,8,3,51,525
LV.NOL.2009.8.4,LV.NOL,2009,8,4,453,365
LV.NOL.2009.8.5,LV.NOL,2009,8,5,120,298
LV.NOL.2009.9.1,LV.NOL,2009,9,1,233,483
LV.NOL.2009.9.2,LV.NOL,2009,9,2,102,483
LV.NOL.2009.9.3,LV.NOL,2009,9,3,269,839
LV.NOL.2009.9.4,LV.NOL,2009,9,4,176,514
LV.NOL.2009.9.5,LV.NOL,2009,9,5,626,1033
LV.NOL.2009.10.1,LV.NOL,2009,10,1,129,446
LV.NOL.2009.10.2,LV.NOL,2009,10,2,215,250
LV.NOL.2009.10.3,LV.NOL,2009,10,3,180,260
LV.NOL.2009.10.4,LV.NOL,2009,10,4,96,250
LV.NOL.2009.10.5,LV.NOL,2009,10,5,453,1331
LV.NOL.2009.11.1,LV.NOL,2009,11,1,394,954
LV.NOL.2009.11.2,LV.NOL,2009,11,2,71,473
LV.NOL.2009.11.3,LV.NOL,2009,11,3,48,499
LV.NOL.2009.11.4,LV.NOL,2009,11,4,152,252
LV.NOL.2009.11.5,LV.NOL,2009,11,5,326,1273
LV.NOL.2009.12.1,LV.NOL,2009,12,1,140,485
LV.NOL.2009.12.2,LV.NOL,2009,12,2,152,662
LV.NOL.2009.12.3,LV.NOL,2009,12,3,113,212
LV.NOL.2009.12.4,LV.NOL,2009,12,4,178,238
LV.NOL.2009.12.5,LV.NOL,2009,12,5,112,1182
LV.NOL.2008.5.1,LV.NOL,2008,5,1,262,125
LV.NOL.2008.5.2,LV.NOL,2008,5,2,185,146
LV.NOL.2008.5.3,LV.NOL,2008,5,3,376,405
LV.NOL.2008.5.4,LV.NOL,2008,5,4,270,187
LV.NOL.2008.5.5,LV.NOL,2008,5,5,232,168
LV.NOL.2008.6.1,LV.NOL,2008,6,1,268,18
LV.NOL.2008.6.2,LV.NOL,2008,6,2,261,138
LV.NOL.2008.6.3,LV.NOL,2008,6,3,99,186
LV.NOL.2008.6.4,LV.NOL,2008,6,4,93,32
LV.NOL.2008.6.5,LV.NOL,2008,6,5,366,175
LV.NOL.2008.7.1,LV.NOL,2008,7,1,118,229
LV.NOL.2008.7.2,LV.NOL,2008,7,2,532,210
LV.NOL.2008.7.3,LV.NOL,2008,7,3,238,378
LV.NOL.2008.7.4,LV.NOL,2008,7,4,123,42
LV.NOL.2008.7.5,LV.NOL,2008,7,5,295,721
LV.NOL.2008.8.1,LV.NOL,2008,8,1,198,258
LV.NOL.2008.8.2,LV.NOL,2008,8,2,364,312
LV.NOL.2008.8.3,LV.NOL,2008,8,3,97,102
LV.NOL.2008.8.4,LV.NOL,2008,8,4,429,415
LV.NOL.2008.8.5,LV.NOL,2008,8,5,221,375
LV.NOL.2008.9.1,LV.NOL,2008,9,1,83,431
LV.NOL.2008.9.2,LV.NOL,2008,9,2,229,507
LV.NOL.2008.9.3,LV.NOL,2008,9,3,246,362
LV.NOL.2008.9.4,LV.NOL,2008,9,4,305,448
LV.NOL.2008.9.5,LV.NOL,2008,9,5,519,424
LV.NOL.2008.10.1,LV.NOL,2008,10,1,127,433
LV.NOL.2008.10.2,LV.NOL,2008,10,2,69,342
LV.NOL.2008.10.3,LV.NOL,2008,10,3,223,358
LV.NOL.2008.10.4,LV.NOL,2008,10,4,142,452
LV.NOL.2008.10.5,LV.NOL,2008,10,5,236,744
LV.NOL.2008.11.1,LV.NOL,2008,11,1,212,490
LV.NOL.2008.11.2,LV.NOL,2008,11,2,240,284
LV.NOL.2008.11.3,LV.NOL,2008,11,3,295,550
LV.NOL.2008.11.4,LV.NOL,2008,11,4,122,609
LV.NOL.2008.11.5,LV.NOL,2008,11,5,394,951
LV.NOL.2008.12.1,LV.NOL,2008,12,1,444,474
LV.NOL.2008.12.2,LV.NOL,2008,12,2,180,591
LV.NOL.2008.12.3,LV.NOL,2008,12,3,131,484
LV.NOL.2008.12.4,LV.NOL,2008,12,4,275,734
LV.NOL.2008.12.5,LV.NOL,2008,12,5,611,1261
LV.NOL.2006.5.1,LV.NOL,2006,5,1,159,215
LV.NOL.2006.5.2,LV.NOL,2006,5,2,370,447
LV.NOL.2006.5.3,LV.NOL,2006,5,3,185,38
LV.NOL.2006.5.4,LV.NOL,2006,5,4,477,618
LV.NOL.2006.5.5,LV.NOL,2006,5,5,223,338
LV.NOL.2006.6.1,LV.NOL,2006,6,1,126,275
LV.NOL.2006.6.2,LV.NOL,2006,6,2,286,400
LV.NOL.2006.6.3,LV.NOL,2006,6,3,335,205
LV.NOL.2006.6.4,LV.NOL,2006,6,4,349,115
LV.NOL.2006.6.5,LV.NOL,2006,6,5,194,866
LV.NOL.2006.7.1,LV.NOL,2006,7,1,93,493
LV.NOL.2006.7.2,LV.NOL,2006,7,2,261,455
LV.NOL.2006.7.3,LV.NOL,2006,7,3,237,570
LV.NOL.2006.7.4,LV.NOL,2006,7,4,78,855
LV.NOL.2006.7.5,LV.NOL,2006,7,5,277,678
LV.NOL.2006.8.1,LV.NOL,2006,8,1,230,201
LV.NOL.2006.8.2,LV.NOL,2006,8,2,397,665
LV.NOL.2006.8.3,LV.NOL,2006,8,3,165,556
LV.NOL.2006.8.4,LV.NOL,2006,8,4,253,209
LV.NOL.2006.8.5,LV.NOL,2006,8,5,426,1019
LV.NOL.2006.9.1,LV.NOL,2006,9,1,218,307
LV.NOL.2006.9.2,LV.NOL,2006,9,2,331,564
LV.NOL.2006.9.3,LV.NOL,2006,9,3,415,381
LV.NOL.2006.9.4,LV.NOL,2006,9,4,178,457
LV.NOL.2006.9.5,LV.NOL,2006,9,5,464,1004
LV.NOL.2006.10.1,LV.NOL,2006,10,1,143,1123
LV.NOL.2006.10.2,LV.NOL,2006,10,2,629,593
LV.NOL.2006.10.3,LV.NOL,2006,10,3,160,216
LV.NOL.2006.10.4,LV.NOL,2006,10,4,312,1092
LV.NOL.2006.10.5,LV.NOL,2006,10,5,343,922
LV.NOL.2006.11.1,LV.NOL,2006,11,1,124,504
LV.NOL.2006.11.2,LV.NOL,2006,11,2,391,770
LV.NOL.2006.11.3,LV.NOL,2006,11,3,301,577
LV.NOL.2006.11.4,LV.NOL,2006,11,4,241,580
LV.NOL.2006.11.5,LV.NOL,2006,11,5,484,758
LV.NOL.2006.12.1,LV.NOL,2006,12,1,164,603
LV.NOL.2006.12.2,LV.NOL,2006,12,2,426,1341
LV.NOL.2006.12.3,LV.NOL,2006,12,3,98,494
LV.NOL.2006.12.4,LV.NOL,2006,12,4,285,430
LV.NOL.2006.12.5,LV.NOL,2006,12,5,557,706
LV.VOL.2011.9.1,LV.VOL,2011,9,1,328,566
LV.VOL.2011.9.2,LV.VOL,2011,9,2,217,1125
LV.VOL.2011.9.3,LV.VOL,2011,9,3,554,738
LV.VOL.2011.9.4,LV.VOL,2011,9,4,515,1065
LV.VOL.2011.9.5,LV.VOL,2011,9,5,439,926
LV.VOL.2011.10.1,LV.VOL,2011,10,1,71,561
LV.VOL.2011.10.2,LV.VOL,2011,10,2,240,308
LV.VOL.2011.10.3,LV.VOL,2011,10,3,340,599
LV.VOL.2011.10.4,LV.VOL,2011,10,4,98,219
LV.VOL.2011.10.5,LV.VOL,2011,10,5,234,3058
LV.VOL.2011.11.1,LV.VOL,2011,11,1,134,396
LV.VOL.2011.11.2,LV.VOL,2011,11,2,171,691
LV.VOL.2011.11.3,LV.VOL,2011,11,3,83,509
LV.VOL.2011.11.4,LV.VOL,2011,11,4,521,869
LV.VOL.2011.11.5,LV.VOL,2011,11,5,273,911
LV.VOL.2011.12.1,LV.VOL,2011,12,1,101,334
LV.VOL.2011.12.2,LV.VOL,2011,12,2,180,388
LV.VOL.2011.12.3,LV.VOL,2011,12,3,105,322
LV.VOL.2011.12.4,LV.VOL,2011,12,4,176,306
LV.VOL.2011.12.5,LV.VOL,2011,12,5,258,1259
LV.VOL.2016.9.1,LV.VOL,2016,9,1,137,559
LV.VOL.2016.9.2,LV.VOL,2016,9,2,146,652
LV.VOL.2016.9.3,LV.VOL,2016,9,3,263,1871
LV.VOL.2016.9.4,LV.VOL,2016,9,4,64,1380
LV.VOL.2016.9.5,LV.VOL,2016,9,5,694,1458
LV.VOL.2016.10.1,LV.VOL,2016,10,1,155,616
LV.VOL.2016.10.2,LV.VOL,2016,10,2,203,950
LV.VOL.2016.10.3,LV.VOL,2016,10,3,85,565
LV.VOL.2016.10.4,LV.VOL,2016,10,4,239,2908
LV.VOL.2016.10.5,LV.VOL,2016,10,5,252,1704
LV.VOL.2016.11.1,LV.VOL,2016,11,1,161,1674
LV.VOL.2016.11.2,LV.VOL,2016,11,2,311,1282
LV.VOL.2016.11.3,LV.VOL,2016,11,3,186,1715
LV.VOL.2016.11.4,LV.VOL,2016,11,4,579,1765
LV.VOL.2016.11.5,LV.VOL,2016,11,5,142,1321
LV.VOL.2016.12.1,LV.VOL,2016,12,1,179,684
LV.VOL.2016.12.2,LV.VOL,2016,12,2,318,656
LV.VOL.2016.12.3,LV.VOL,2016,12,3,104,426
LV.VOL.2016.12.4,LV.VOL,2016,12,4,204,890
LV.VOL.2016.12.5,LV.VOL,2016,12,5,224,3431
LV.VOL.2020.9.1,LV.VOL,2020,9,1,93,474
LV.VOL.2020.9.2,LV.VOL,2020,9,2,248,1152
LV.VOL.2020.9.3,LV.VOL,2020,9,3,246,605
LV.VOL.2020.9.4,LV.VOL,2020,9,4,225,762
LV.VOL.2020.9.5,LV.VOL,2020,9,5,115,551
LV.VOL.2020.10.1,LV.VOL,2020,10,1,91,724
LV.VOL.2020.10.2,LV.VOL,2020,10,2,58,1566
LV.VOL.2020.10.3,LV.VOL,2020,10,3,260,839
LV.VOL.2020.10.4,LV.VOL,2020,10,4,210,1280
LV.VOL.2020.10.5,LV.VOL,2020,10,5,235,765
LV.VOL.2020.11.1,LV.VOL,2020,11,1,127,1339
LV.VOL.2020.11.2,LV.VOL,2020,11,2,411,1383
LV.VOL.2020.11.3,LV.VOL,2020,11,3,139,1685
LV.VOL.2020.11.4,LV.VOL,2020,11,4,206,2544
LV.VOL.2020.11.5,LV.VOL,2020,11,5,282,1161
LV.VOL.2020.12.1,LV.VOL,2020,12,1,172,406
LV.VOL.2020.12.2,LV.VOL,2020,12,2,140,1739
LV.VOL.2020.12.3,LV.VOL,2020,12,3,328,1408
LV.VOL.2020.12.4,LV.VOL,2020,12,4,219,3188
LV.VOL.2020.12.5,LV.VOL,2020,12,5,432,1577
LV.VOL.2018.9.1,LV.VOL,2018,9,1,206,1798
LV.VOL.2018.9.2,LV.VOL,2018,9,2,186,1158
LV.VOL.2018.9.3,LV.VOL,2018,9,3,347,1425
LV.VOL.2018.9.4,LV.VOL,2018,9,4,243,1711
LV.VOL.2018.9.5,LV.VOL,2018,9,5,262,365
LV.VOL.2018.10.1,LV.VOL,2018,10,1,181,880
LV.VOL.2018.10.2,LV.VOL,2018,10,2,152,1500
LV.VOL.2018.10.3,LV.VOL,2018,10,3,376,1229
LV.VOL.2018.10.4,LV.VOL,2018,10,4,654,776
LV.VOL.2018.10.5,LV.VOL,2018,10,5,318,3290
LV.VOL.2018.11.1,LV.VOL,2018,11,1,40,1104
LV.VOL.2018.11.2,LV.VOL,2018,11,2,202,759
LV.VOL.2018.11.3,LV.VOL,2018,11,3,393,1827
LV.VOL.2018.11.4,LV.VOL,2018,11,4,134,924
LV.VOL.2018.11.5,LV.VOL,2018,11,5,329,1425
LV.VOL.2018.12.1,LV.VOL,2018,12,1,167,305
LV.VOL.2018.12.2,LV.VOL,2018,12,2,273,956
LV.VOL.2018.12.3,LV.VOL,2018,12,3,62,838
LV.VOL.2018.12.4,LV.VOL,2018,12,4,167,1402
LV.VOL.2018.12.5,LV.VOL,2018,12,5,387,1702
LV.VOL.2019.9.1,LV.VOL,2019,9,1,122,916
LV.VOL.2019.9.2,LV.VOL,2019,9,2,190,1214
LV.VOL.2019.9.3,LV.VOL,2019,9,3,80,885
LV.VOL.2019.9.4,LV.VOL,2019,9,4,254,1012
LV.VOL.2019.9.5,LV.VOL,2019,9,5,309,1021
LV.VOL.2019.10.1,LV.VOL,2019,10,1,115,845
LV.VOL.2019.10.2,LV.VOL,2019,10,2,205,1343
LV.VOL.2019.10.3,LV.VOL,2019,10,3,114,781
LV.VOL.2019.10.4,LV.VOL,2019,10,4,210,1733
LV.VOL.2019.10.5,LV.VOL,2019,10,5,220,856
LV.VOL.2019.11.1,LV.VOL,2019,11,1,515,572
LV.VOL.2019.11.2,LV.VOL,2019,11,2,305,1043
LV.VOL.2019.11.3,LV.VOL,2019,11,3,122,1369
LV.VOL.2019.11.4,LV.VOL,2019,11,4,260,673
LV.VOL.2019.11.5,LV.VOL,2019,11,5,298,4514
LV.VOL.2019.12.1,LV.VOL,2019,12,1,170,1591
LV.VOL.2019.12.2,LV.VOL,2019,12,2,328,1586
LV.VOL.2019.12.3,LV.VOL,2019,12,3,162,1679
LV.VOL.2019.12.4,LV.VOL,2019,12,4,170,1107
LV.VOL.2019.12.5,LV.VOL,2019,12,5,227,3065
LV.VOL.2021.9.1,LV.VOL,2021,9,1,197,474
LV.VOL.2021.9.2,LV.VOL,2021,9,2,301,961
LV.VOL.2021.9.3,LV.VOL,2021,9,3,91,596
LV.VOL.2021.9.4,LV.VOL,2021,9,4,268,1364
LV.VOL.2021.9.5,LV.VOL,2021,9,5,369,980
LV.VOL.2021.10.1,LV.VOL,2021,10,1,172,245
LV.VOL.2021.10.2,LV.VOL,2021,10,2,410,763
LV.VOL.2021.10.3,LV.VOL,2021,10,3,211,873
LV.VOL.2021.10.4,LV.VOL,2021,10,4,449,891
LV.VOL.2021.10.5,LV.VOL,2021,10,5,277,600
LV.VOL.2021.11.1,LV.VOL,2021,11,1,65,174
LV.VOL.2021.11.2,LV.VOL,2021,11,2,195,943
LV.VOL.2021.11.3,LV.VOL,2021,11,3,259,646
LV.VOL.2021.11.4,LV.VOL,2021,11,4,196,728
LV.VOL.2021.11.5,LV.VOL,2021,11,5,590,1027
LV.VOL.2021.12.1,LV.VOL,2021,12,1,119,239
LV.VOL.2021.12.2,LV.VOL,2021,12,2,138,526
LV.VOL.2021.12.3,LV.VOL,2021,12,3,338,2128
LV.VOL.2021.12.4,LV.VOL,2021,12,4,197,832
LV.VOL.2021.12.5,LV.VOL,2021,12,5,124,1211
LV.VOL.2017.9.1,LV.VOL,2017,9,1,106,288
LV.VOL.2017.9.2,LV.VOL,2017,9,2,297,779
LV.VOL.2017.9.3,LV.VOL,2017,9,3,341,1745
LV.VOL.2017.9.4,LV.VOL,2017,9,4,53,456
LV.VOL.2017.9.5,LV.VOL,2017,9,5,386,1285
LV.VOL.2017.10.1,LV.VOL,2017,10,1,214,1272
LV.VOL.2017.10.2,LV.VOL,2017,10,2,157,3388
LV.VOL.2017.10.3,LV.VOL,2017,10,3,190,1001
LV.VOL.2017.10.4,LV.VOL,2017,10,4,305,616
LV.VOL.2017.10.5,LV.VOL,2017,10,5,308,1205
LV.VOL.2017.11.1,LV.VOL,2017,11,1,85,251
LV.VOL.2017.11.2,LV.VOL,2017,11,2,80,343
LV.VOL.2017.11.3,LV.VOL,2017,11,3,534,567
LV.VOL.2017.11.4,LV.VOL,2017,11,4,112,1638
LV.VOL.2017.11.5,LV.VOL,2017,11,5,468,5103
LV.VOL.2017.12.1,LV.VOL,2017,12,1,207,242
LV.VOL.2017.12.2,LV.VOL,2017,12,2,106,920
LV.VOL.2017.12.3,LV.VOL,2017,12,3,241,2472
LV.VOL.2017.12.4,LV.VOL,2017,12,4,328,1459
LV.VOL.2017.12.5,LV.VOL,2017,12,5,713,1528
LV.VOL.2010.9.1,LV.VOL,2010,9,1,138,522
LV.VOL.2010.9.2,LV.VOL,2010,9,2,231,758
LV.VOL.2010.9.3,LV.VOL,2010,9,3,226,568
LV.VOL.2010.9.4,LV.VOL,2010,9,4,275,3602
LV.VOL.2010.9.5,LV.VOL,2010,9,5,300,915
LV.VOL.2010.10.1,LV.VOL,2010,10,1,111,1086
LV.VOL.2010.10.2,LV.VOL,2010,10,2,171,560
LV.VOL.2010.10.3,LV.VOL,2010,10,3,200,1475
LV.VOL.2010.10.4,LV.VOL,2010,10,4,212,1274
LV.VOL.2010.10.5,LV.VOL,2010,10,5,151,764
LV.VOL.2010.11.1,LV.VOL,2010,11,1,86,489
LV.VOL.2010.11.2,LV.VOL,2010,11,2,195,730
LV.VOL.2010.11.3,LV.VOL,2010,11,3,294,1777
LV.VOL.2010.11.4,LV.VOL,2010,11,4,208,1272
LV.VOL.2010.11.5,LV.VOL,2010,11,5,491,1576
LV.VOL.2010.12.1,LV.VOL,2010,12,1,157,565
LV.VOL.2010.12.2,LV.VOL,2010,12,2,255,1218
LV.VOL.2010.12.3,LV.VOL,2010,12,3,284,1735
LV.VOL.2010.12.4,LV.VOL,2010,12,4,325,1031
LV.VOL.2010.12.5,LV.VOL,2010,12,5,344,2858
LV.VOL.2004.9.1,LV.VOL,2004,9,1,121,252
LV.VOL.2004.9.2,LV.VOL,2004,9,2,145,280
LV.VOL.2004.9.3,LV.VOL,2004,9,3,173,666
LV.VOL.2004.9.4,LV.VOL,2004,9,4,514,257
LV.VOL.2004.9.5,LV.VOL,2004,9,5,307,995
LV.VOL.2004.10.1,LV.VOL,2004,10,1,114,192
LV.VOL.2004.10.2,LV.VOL,2004,10,2,197,389
LV.VOL.2004.10.3,LV.VOL,2004,10,3,138,735
LV.VOL.2004.10.4,LV.VOL,2004,10,4,295,591
LV.VOL.2004.10.5,LV.VOL,2004,10,5,399,1006
LV.VOL.2004.11.1,LV.VOL,2004,11,1,78,131
LV.VOL.2004.11.2,LV.VOL,2004,11,2,88,717
LV.VOL.2004.11.3,LV.VOL,2004,11,3,128,447
LV.VOL.2004.11.4,LV.VOL,2004,11,4,228,583
LV.VOL.2004.11.5,LV.VOL,2004,11,5,374,916
LV.VOL.2004.12.1,LV.VOL,2004,12,1,323,508
LV.VOL.2004.12.2,LV.VOL,2004,12,2,298,259
LV.VOL.2004.12.3,LV.VOL,2004,12,3,119,457
LV.VOL.2004.12.4,LV.VOL,2004,12,4,265,1199
LV.VOL.2004.12.5,LV.VOL,2004,12,5,211,637
LV.VOL.2005.9.1,LV.VOL,2005,9,1,219,265
LV.VOL.2005.9.2,LV.VOL,2005,9,2,348,600
LV.VOL.2005.9.3,LV.VOL,2005,9,3,149,462
LV.VOL.2005.9.4,LV.VOL,2005,9,4,172,681
LV.VOL.2005.9.5,LV.VOL,2005,9,5,269,563
LV.VOL.2005.10.1,LV.VOL,2005,10,1,209,258
LV.VOL.2005.10.2,LV.VOL,2005,10,2,264,340
LV.VOL.2005.10.3,LV.VOL,2005,10,3,320,601
LV.VOL.2005.10.4,LV.VOL,2005,10,4,281,1040
LV.VOL.2005.10.5,LV.VOL,2005,10,5,452,1197
LV.VOL.2005.11.1,LV.VOL,2005,11,1,286,252
LV.VOL.2005.11.2,LV.VOL,2005,11,2,423,569
LV.VOL.2005.11.3,LV.VOL,2005,11,3,140,417
LV.VOL.2005.11.4,LV.VOL,2005,11,4,211,826
LV.VOL.2005.11.5,LV.VOL,2005,11,5,370,692
LV.VOL.2005.12.1,LV.VOL,2005,12,1,104,482
LV.VOL.2005.12.2,LV.VOL,2005,12,2,354,350
LV.VOL.2005.12.3,LV.VOL,2005,12,3,244,1596
LV.VOL.2005.12.4,LV.VOL,2005,12,4,264,1385
LV.VOL.2005.12.5,LV.VOL,2005,12,5,364,1912
LV.VOL.2015.9.1,LV.VOL,2015,9,1,109,1584
LV.VOL.2015.9.2,LV.VOL,2015,9,2,405,899
LV.VOL.2015.9.3,LV.VOL,2015,9,3,564,2800
LV.VOL.2015.9.4,LV.VOL,2015,9,4,175,838
LV.VOL.2015.9.5,LV.VOL,2015,9,5,103,897
LV.VOL.2015.10.1,LV.VOL,2015,10,1,251,662
LV.VOL.2015.10.2,LV.VOL,2015,10,2,77,3017
LV.VOL.2015.10.3,LV.VOL,2015,10,3,157,1155
LV.VOL.2015.10.4,LV.VOL,2015,10,4,155,1766
LV.VOL.2015.10.5,LV.VOL,2015,10,5,412,1686
LV.VOL.2015.11.1,LV.VOL,2015,11,1,239,829
LV.VOL.2015.11.2,LV.VOL,2015,11,2,115,403
LV.VOL.2015.11.3,LV.VOL,2015,11,3,536,1860
LV.VOL.2015.11.4,LV.VOL,2015,11,4,178,436
LV.VOL.2015.11.5,LV.VOL,2015,11,5,171,2577
LV.VOL.2015.12.1,LV.VOL,2015,12,1,95,1020
LV.VOL.2015.12.2,LV.VOL,2015,12,2,155,927
LV.VOL.2015.12.3,LV.VOL,2015,12,3,116,2691
LV.VOL.2015.12.4,LV.VOL,2015,12,4,289,609
LV.VOL.2015.12.5,LV.VOL,2015,12,5,366,1630
LV.VOL.2012.9.1,LV.VOL,2012,9,1,185,325
LV.VOL.2012.9.2,LV.VOL,2012,9,2,124,388
LV.VOL.2012.9.3,LV.VOL,2012,9,3,282,485
LV.VOL.2012.9.4,LV.VOL,2012,9,4,110,725
LV.VOL.2012.9.5,LV.VOL,2012,9,5,149,357
LV.VOL.2012.10.1,LV.VOL,2012,10,1,161,344
LV.VOL.2012.10.2,LV.VOL,2012,10,2,165,949
LV.VOL.2012.10.3,LV.VOL,2012,10,3,135,1394
LV.VOL.2012.10.4,LV.VOL,2012,10,4,278,207
LV.VOL.2012.10.5,LV.VOL,2012,10,5,482,818
LV.VOL.2012.11.1,LV.VOL,2012,11,1,139,225
LV.VOL.2012.11.2,LV.VOL,2012,11,2,273,2257
LV.VOL.2012.11.3,LV.VOL,2012,11,3,124,1533
LV.VOL.2012.11.4,LV.VOL,2012,11,4,194,629
LV.VOL.2012.11.5,LV.VOL,2012,11,5,435,704
LV.VOL.2012.12.1,LV.VOL,2012,12,1,222,131
LV.VOL.2012.12.2,LV.VOL,2012,12,2,212,1043
LV.VOL.2012.12.3,LV.VOL,2012,12,3,408,619
LV.VOL.2012.12.4,LV.VOL,2012,12,4,342,1140
LV.VOL.2012.12.5,LV.VOL,2012,12,5,168,807
LV.VOL.2024.9.1,LV.VOL,2024,9,1,201,676
LV.VOL.2024.9.2,LV.VOL,2024,9,2,336,469
LV.VOL.2024.9.3,LV.VOL,2024,9,3,303,1041
LV.VOL.2024.9.4,LV.VOL,2024,9,4,372,657
LV.VOL.2024.9.5,LV.VOL,2024,9,5,256,920
LV.VOL.2024.10.1,LV.VOL,2024,10,1,240,346
LV.VOL.2024.10.2,LV.VOL,2024,10,2,210,2571
LV.VOL.2024.10.3,LV.VOL,2024,10,3,172,2871
LV.VOL.2024.10.4,LV.VOL,2024,10,4,509,2082
LV.VOL.2024.10.5,LV.VOL,2024,10,5,486,1529
LV.VOL.2024.11.1,LV.VOL,2024,11,1,115,1381
LV.VOL.2024.11.2,LV.VOL,2024,11,2,336,1673
LV.VOL.2024.11.3,LV.VOL,2024,11,3,303,998
LV.VOL.2024.11.4,LV.VOL,2024,11,4,187,1423
LV.VOL.2024.11.5,LV.VOL,2024,11,5,819,514
LV.VOL.2024.12.1,LV.VOL,2024,12,1,166,799
LV.VOL.2024.12.2,LV.VOL,2024,12,2,230,663
LV.VOL.2024.12.3,LV.VOL,2024,12,3,424,2676
LV.VOL.2024.12.4,LV.VOL,2024,12,4,273,1062
LV.VOL.2024.12.5,LV.VOL,2024,12,5,122,2750
LV.VOL.2023.9.1,LV.VOL,2023,9,1,118,435
LV.VOL.2023.9.2,LV.VOL,2023,9,2,433,394
LV.VOL.2023.9.3,LV.VOL,2023,9,3,512,2660
LV.VOL.2023.9.4,LV.VOL,2023,9,4,122,1159
LV.VOL.2023.9.5,LV.VOL,2023,9,5,140,1313
LV.VOL.2023.10.1,LV.VOL,2023,10,1,106,540
LV.VOL.2023.10.2,LV.VOL,2023,10,2,433,379
LV.VOL.2023.10.3,LV.VOL,2023,10,3,563,2229
LV.VOL.2023.10.4,LV.VOL,2023,10,4,227,1788
LV.VOL.2023.10.5,LV.VOL,2023,10,5,477,2894
LV.VOL.2023.11.1,LV.VOL,2023,11,1,158,1181
LV.VOL.2023.11.2,LV.VOL,2023,11,2,235,3103
LV.VOL.2023.11.3,LV.VOL,2023,11,3,270,1447
LV.VOL.2023.11.4,LV.VOL,2023,11,4,227,273
LV.VOL.2023.11.5,LV.VOL,2023,11,5,356,3451
LV.VOL.2023.12.1,LV.VOL,2023,12,1,158,737
LV.VOL.2023.12.2,LV.VOL,2023,12,2,373,1447
LV.VOL.2023.12.3,LV.VOL,2023,12,3,305,1021
LV.VOL.2023.12.4,LV.VOL,2023,12,4,111,1372
LV.VOL.2023.12.5,LV.VOL,2023,12,5,389,1781
LV.VOL.2022.9.1,LV.VOL,2022,9,1,101,459
LV.VOL.2022.9.2,LV.VOL,2022,9,2,262,948
LV.VOL.2022.9.3,LV.VOL,2022,9,3,115,661
LV.VOL.2022.9.4,LV.VOL,2022,9,4,364,545
LV.VOL.2022.9.5,LV.VOL,2022,9,5,72,772
LV.VOL.2022.10.1,LV.VOL,2022,10,1,115,1228
LV.VOL.2022.10.2,LV.VOL,2022,10,2,264,1282
LV.VOL.2022.10.3,LV.VOL,2022,10,3,116,700
LV.VOL.2022.10.4,LV.VOL,2022,10,4,131,1763
LV.VOL.2022.10.5,LV.VOL,2022,10,5,320,1257
LV.VOL.2022.11.1,LV.VOL,2022,11,1,251,383
LV.VOL.2022.11.2,LV.VOL,2022,11,2,162,1924
LV.VOL.2022.11.3,LV.VOL,2022,11,3,335,686
LV.VOL.2022.11.4,LV.VOL,2022,11,4,128,2082
LV.VOL.2022.11.5,LV.VOL,2022,11,5,139,1031
LV.VOL.2022.12.1,LV.VOL,2022,12,1,57,112
LV.VOL.2022.12.2,LV.VOL,2022,12,2,188,2729
LV.VOL.2022.12.3,LV.VOL,2022,12,3,88,1491
LV.VOL.2022.12.4,LV.VOL,2022,12,4,127,1012
LV.VOL.2022.12.5,LV.VOL,2022,12,5,330,1198
LV.VOL.2025.9.1,LV.VOL,2025,9,1,153,453
LV.VOL.2025.9.2,LV.VOL,2025,9,2,147,1247
LV.VOL.2025.9.3,LV.VOL,2025,9,3,203,1662
LV.VOL.2025.9.4,LV.VOL,2025,9,4,299,1436
LV.VOL.2025.9.5,LV.VOL,2025,9,5,399,424
LV.VOL.2025.10.1,LV.VOL,2025,10,1,80,392
LV.VOL.2025.10.2,LV.VOL,2025,10,2,281,1344
LV.VOL.2025.10.3,LV.VOL,2025,10,3,284,652
LV.VOL.2025.10.4,LV.VOL,2025,10,4,362,2076
LV.VOL.2025.10.5,LV.VOL,2025,10,5,457,2071
LV.VOL.2025.11.1,LV.VOL,2025,11,1,297,1430
LV.VOL.2025.11.2,LV.VOL,2025,11,2,228,504
LV.VOL.2025.11.3,LV.VOL,2025,11,3,506,856
LV.VOL.2025.11.4,LV.VOL,2025,11,4,289,822
LV.VOL.2025.11.5,LV.VOL,2025,11,5,411,597
LV.VOL.2025.12.1,LV.VOL,2025,12,1,80,1378
LV.VOL.2025.12.2,LV.VOL,2025,12,2,156,3798
LV.VOL.2025.12.3,LV.VOL,2025,12,3,148,821
LV.VOL.2025.12.4,LV.VOL,2025,12,4,136,895
LV.VOL.2025.12.5,LV.VOL,2025,12,5,474,1072
LV.VOL.2013.9.1,LV.VOL,2013,9,1,236,390
LV.VOL.2013.9.2,LV.VOL,2013,9,2,268,510
LV.VOL.2013.9.3,LV.VOL,2013,9,3,287,846
LV.VOL.2013.9.4,LV.VOL,2013,9,4,376,1476
LV.VOL.2013.9.5,LV.VOL,2013,9,5,316,419
LV.VOL.2013.10.1,LV.VOL,2013,10,1,122,1407
LV.VOL.2013.10.2,LV.VOL,2013,10,2,170,652
LV.VOL.2013.10.3,LV.VOL,2013,10,3,110,473
LV.VOL.2013.10.4,LV.VOL,2013,10,4,156,2616
LV.VOL.2013.10.5,LV.VOL,2013,10,5,522,570
LV.VOL.2013.11.1,LV.VOL,2013,11,1,78,511
LV.VOL.2013.11.2,LV.VOL,2013,11,2,162,1245
LV.VOL.2013.11.3,LV.VOL,2013,11,3,177,620
LV.VOL.2013.11.4,LV.VOL,2013,11,4,206,1682
LV.VOL.2013.11.5,LV.VOL,2013,11,5,583,3288
LV.VOL.2013.12.1,LV.VOL,2013,12,1,245,937
LV.VOL.2013.12.2,LV.VOL,2013,12,2,154,396
LV.VOL.2013.12.3,LV.VOL,2013,12,3,290,2463
LV.VOL.2013.12.4,LV.VOL,2013,12,4,244,871
LV.VOL.2013.12.5,LV.VOL,2013,12,5,519,1438
LV.VOL.2014.9.1,LV.VOL,2014,9,1,71,803
LV.VOL.2014.9.2,LV.VOL,2014,9,2,223,737
LV.VOL.2014.9.3,LV.VOL,2014,9,3,245,787
LV.VOL.2014.9.4,LV.VOL,2014,9,4,674,1298
LV.VOL.2014.9.5,LV.VOL,2014,9,5,95,906
LV.VOL.2014.10.1,LV.VOL,2014,10,1,145,508
LV.VOL.2014.10.2,LV.VOL,2014,10,2,125,3307
LV.VOL.2014.10.3,LV.VOL,2014,10,3,312,2407
LV.VOL.2014.10.4,LV.VOL,2014,10,4,348,1128
LV.VOL.2014.10.5,LV.VOL,2014,10,5,464,1226
LV.VOL.2014.11.1,LV.VOL,2014,11,1,192,448
LV.VOL.2014.11.2,LV.VOL,2014,11,2,123,805
LV.VOL.2014.11.3,LV.VOL,2014,11,3,288,702
LV.VOL.2014.11.4,LV.VOL,2014,11,4,300,1838
LV.VOL.2014.11.5,LV.VOL,2014,11,5,178,976
LV.VOL.2014.12.1,LV.VOL,2014,12,1,194,774
LV.VOL.2014.12.2,LV.VOL,2014,12,2,180,1212
LV.VOL.2014.12.3,LV.VOL,2014,12,3,295,1998
LV.VOL.2014.12.4,LV.VOL,2014,12,4,302,2764
LV.VOL.2014.12.5,LV.VOL,2014,12,5,152,2252
LV.VOL.2009.9.1,LV.VOL,2009,9,1,230,589
LV.VOL.2009.9.2,LV.VOL,2009,9,2,253,340
LV.VOL.2009.9.3,LV.VOL,2009,9,3,314,402
LV.VOL.2009.9.4,LV.VOL,2009,9,4,220,299
LV.VOL.2009.9.5,LV.VOL,2009,9,5,622,740
LV.VOL.2009.10.1,LV.VOL,2009,10,1,199,148
LV.VOL.2009.10.2,LV.VOL,2009,10,2,290,734
LV.VOL.2009.10.3,LV.VOL,2009,10,3,456,461
LV.VOL.2009.10.4,LV.VOL,2009,10,4,157,376
LV.VOL.2009.10.5,LV.VOL,2009,10,5,132,420
LV.VOL.2009.11.1,LV.VOL,2009,11,1,169,475
LV.VOL.2009.11.2,LV.VOL,2009,11,2,105,504
LV.VOL.2009.11.3,LV.VOL,2009,11,3,124,387
LV.VOL.2009.11.4,LV.VOL,2009,11,4,263,1180
LV.VOL.2009.11.5,LV.VOL,2009,11,5,148,904
LV.VOL.2009.12.1,LV.VOL,2009,12,1,373,527
LV.VOL.2009.12.2,LV.VOL,2009,12,2,278,548
LV.VOL.2009.12.3,LV.VOL,2009,12,3,206,501
LV.VOL.2009.12.4,LV.VOL,2009,12,4,538,704
LV.VOL.2009.12.5,LV.VOL,2009,12,5,93,598
LV.VOL.2007.9.1,LV.VOL,2007,9,1,75,139
LV.VOL.2007.9.2,LV.VOL,2007,9,2,342,140
LV.VOL.2007.9.3,LV.VOL,2007,9,3,175,350
LV.VOL.2007.9.4,LV.VOL,2007,9,4,218,1280
LV.VOL.2007.9.5,LV.VOL,2007,9,5,444,547
LV.VOL.2007.10.1,LV.VOL,2007,10,1,118,169
LV.VOL.2007.10.2,LV.VOL,2007,10,2,562,382
LV.VOL.2007.10.3,LV.VOL,2007,10,3,366,703
LV.VOL.2007.10.4,LV.VOL,2007,10,4,350,898
LV.VOL.2007.10.5,LV.VOL,2007,10,5,291,598
LV.VOL.2007.11.1,LV.VOL,2007,11,1,172,278
LV.VOL.2007.11.2,LV.VOL,2007,11,2,127,76
LV.VOL.2007.11.3,LV.VOL,2007,11,3,304,694
LV.VOL.2007.11.4,LV.VOL,2007,11,4,153,722
LV.VOL.2007.11.5,LV.VOL,2007,11,5,424,1489
LV.VOL.2007.12.1,LV.VOL,2007,12,1,138,612
LV.VOL.2007.12.2,LV.VOL,2007,12,2,202,403
LV.VOL.2007.12.3,LV.VOL,2007,12,3,139,897
LV.VOL.2007.12.4,LV.VOL,2007,12,4,460,1079
LV.VOL.2007.12.5,LV.VOL,2007,12,5,319,992
LV.VOL.2006.9.1,LV.VOL,2006,9,1,96,403
LV.VOL.2006.9.2,LV.VOL,2006,9,2,162,714
LV.VOL.2006.9.3,LV.VOL,2006,9,3,385,341
LV.VOL.2006.9.4,LV.VOL,2006,9,4,197,525
LV.VOL.2006.9.5,LV.VOL,2006,9,5,395,1054
LV.VOL.2006.10.1,LV.VOL,2006,10,1,517,370
LV.VOL.2006.10.2,LV.VOL,2006,10,2,125,466
LV.VOL.2006.10.3,LV.VOL,2006,10,3,192,1233
LV.VOL.2006.10.4,LV.VOL,2006,10,4,144,546
LV.VOL.2006.10.5,LV.VOL,2006,10,5,341,1141
LV.VOL.2006.11.1,LV.VOL,2006,11,1,258,577
LV.VOL.2006.11.2,LV.VOL,2006,11,2,235,366
LV.VOL.2006.11.3,LV.VOL,2006,11,3,61,1441
LV.VOL.2006.11.4,LV.VOL,2006,11,4,330,1390
LV.VOL.2006.11.5,LV.VOL,2006,11,5,418,717
LV.VOL.2006.12.1,LV.VOL,2006,12,1,206,440
LV.VOL.2006.12.2,LV.VOL,2006,12,2,380,759
LV.VOL.2006.12.3,LV.VOL,2006,12,3,504,733
LV.VOL.2006.12.4,LV.VOL,2006,12,4,200,2229
LV.VOL.2006.12.5,LV.VOL,2006,12,5,379,2276
LV.VOL.2008.9.1,LV.VOL,2008,9,1,126,185
LV.VOL.2008.9.2,LV.VOL,2008,9,2,189,157
LV.VOL.2008.9.3,LV.VOL,2008,9,3,272,462
LV.VOL.2008.9.4,LV.VOL,2008,9,4,189,299
LV.VOL.2008.9.5,LV.VOL,2008,9,5,448,1017
LV.VOL.2008.10.1,LV.VOL,2008,10,1,89,161
LV.VOL.2008.10.2,LV.VOL,2008,10,2,107,577
LV.VOL.2008.10.3,LV.VOL,2008,10,3,174,1200
LV.VOL.2008.10.4,LV.VOL,2008,10,4,250,547
LV.VOL.2008.10.5,LV.VOL,2008,10,5,328,540
LV.VOL.2008.11.1,LV.VOL,2008,11,1,115,335
LV.VOL.2008.11.2,LV.VOL,2008,11,2,111,551
LV.VOL.2008.11.3,LV.VOL,2008,11,3,156,933
LV.VOL.2008.11.4,LV.VOL,2008,11,4,173,306
LV.VOL.2008.11.5,LV.VOL,2008,11,5,245,506
LV.VOL.2008.12.1,LV.VOL,2008,12,1,96,369
LV.VOL.2008.12.2,LV.VOL,2008,12,2,224,324
LV.VOL.2008.12.3,LV.VOL,2008,12,3,81,920
LV.VOL.2008.12.4,LV.VOL,2008,12,4,246,763
LV.VOL.2008.12.5,LV.VOL,2008,12,5,489,940
