L1,L2,L3,L4,L5,Label,ShortName,Description,Piezīmes
1,0,0,0,0,NumTheory,Skaitļu teorija,Skaitļu teorija,
1,1,0,0,0,Divisibility,Skaitļu dalāmība,Veselu skaitļu dalāmība,
1,1,1,0,0,DivisibilityRules,Dalāmības pazīmes,"Dalāmības pazīmes, kas pārbauda dalāmību vai kongruences, izmantojot skaitļa decimālpierakstu",
1,1,1,1,0,DivisibilityRulesFor2And4,"Dalāmības pazīmes ar 2, 4, 8","Skaitlis dalās ar $2**k$ tad un tikai tad, ja pēdējie $k$ cipari dalās ar $2**k$",
1,1,1,2,0,DivisibilityRulesLastDigits,Dalāmības pazīmes ar 2 un 5 reizinājumiem,"Dalāmības pazīmes, kurās pietiek aplūkot dažus pēdējos ciparus",
1,1,1,3,0,DivisibilityRulesFor3And9,Dalāmības pazīmes ar 3 un 9,Dalāmības pazīmes ar $3$ un $9$,
1,1,1,4,0,DivisibilityRuleFor11,Dalāmības pazīme ar 11,"Skaitlis dalās ar $11$ tad un tikai tad, ja ciparu summa pāru pozīcijās mīnus ciparu summa nepāru pozīcijās dalās ar 11",
1,1,1,5,0,DivisibilityRulesOther,Citas dalāmības pazīmes,Dalāmības pazīmes ar dažādiem citiem skaitļiem,
1,1,1,6,0,DivisibilityRulesForRemainders,Vispārinātas dalāmības pazīmes skaitļu atlikumiem,"Dalāmības pazīmju vispārinājumi, kas ļauj noskaidrot atlikumus. Piemēram, katrs naturāls $n$ ir kongruents ar savu ciparu summu $S(n)$ pēc 9 moduļa",
1,1,2,0,0,DivisibilityProperties,Dalāmības īpašības,Veselu skaitļu dalāmības attiecības īpašības,
1,1,3,0,0,DivisorsOfFactorial,Skaitļa $n!$ dalītāji,Ar kādām pirmskaitļu pakāpēm dalās $n!$,Vai tā ir Ležandra formula (pIrmskaitļa kārta $n!$ izteiksmē)? Varbūt šo tēmu pārvietot pie valuācijām (1.3.0.0.0)?
1,1,4,0,0,GcdAndLcm,LKD un MKD,Lielākais kopīgais dalītājs un mazākais kopīgais dalāmais,
1,1,4,1,0,MutualPrimes,Savstarpēji pirmskaitļi,"Vienkārši secinājumi par savstarpējiem pirmskaitļiem; sakarība $\gcd(n,n+1)=1$",
1,1,4,2,0,GcdAndLcmProperties,LKD un MKD īpašības,Formulas un sakarības ar LKD un MKD,
1,1,4,3,0,BezoutIdentity,Bezū identitāte,Vienādojuma $ax+by=d$ atrisināmība veselos skaitļos. Norēķini ar 2 veidu monētām. ,
1,1,4,3,1,ArithmeticSeriesDivisibility,Aritmētiskas progresijas dalāmība,Aritmētiskas progresijas locekļu dalāmība,
1,1,4,3,2,ArithmeticSeriesGaps,Daudzkārtņu atstarpes aritmētiskā progresijā,"Secināt, ka katrs $p$-tais aritmētiskas progresijas loceklis dalās ar $p$, ja $\mbox{LKD}(d,p)=1$",
1,1,4,3,3,ArithmeticSeriesAll,Aritmētiskas progresijas atlikumi,"Secināt, ka aritmētiska progresija pieņem visus atlikumus, dalot ar $p$, ja $\mbox{LKD}(d,p)=1$",
1,1,4,4,0,PythagoreanTriples,Pitagora trijnieki,Vienādojuma $a^2+b^2=c^2$ bezgalīgi daudzie veselie atrisinājumi,
1,1,5,0,0,EuclideanAlgorithm,Eiklīda algoritms,"Eiklīda algoritms $\gcd(a,b)=d$ atrašanai kā atrisinājuma sastāvdaļa; tsk. paplašinātais algoritms Bezū identitātei $ax+by=d$",
1,1,6,0,0,MultiplesInInterval,Daudzkārtņu skaits intervālā,Skaitļa $n$ daudzkārtņu skaits intervālā; arī aritmētiskas progresijas locekļu skaits kādā intervālā,
1,2,0,0,0,IntegerFactorization,Skaitļa sadalījums pirmreizinātājos,,
1,2,1,0,0,CanonicalFactorization,Naturāla skaitļa kanoniskais sadalījums pirmreizinātājos,,
1,2,2,0,0,FactorInMutualPrimes,Naturālas pakāpes sadalījums savstarpēju pirmskaitļu reizinājumā,,
1,2,3,0,0,DivisorNumberAndSum,Naturāla skaitļa dalītāju skaita un summas formulas,,
1,2,4,0,0,FactorizationAndDivisibility,Dalāmība no sadalījuma pirmreizinātājos,"Pārbaudīt dalāmību un izveidot visu pozitīvo dalītāju režģi, zinot skaitļa sadalījumu pirmreizinātājos",
1,2,5,0,0,Primes,Pirmskaitļi,,
1,2,5,1,0,PrimesInfinityProof,Pirmskaitļu kopas bezgalība,"Uzdevumi par pirmskaitļu kopas bezgalību, iteratīvu pirmskaitļu iegūšanu",
1,2,5,2,0,PrimesDistribution,Pirmskaitļu sadalījums,Eratostēna režģis un apgalvojumi par pirmskaitļu izvietojumu un atstarpēm,
1,2,5,3,0,PrimalityTests,Pirmskaitļu pārbaudes,"Algoritmi un sakarības, kas parāda, ka skaitlis ir vai nav pirmskaitlis",
1,2,5,4,0,EuclideanLemma,Eiklīda lemma,"Ja $p$ dala $ab$, tad $p$ dala $a$ vai arī $p$ dala $b$",
1,2,6,0,0,FactorizationAndProperties,Faktorizācija un skaitļu īpašības,Skaitļa īpašības atkarībā no tā sadalījuma pirmreizinātājos,
1,2,6,1,0,PrimeFactorizationAndPowers,Pilnu pakāpju noteikšana,"Pazīt pilnas pakāpes pēc tā, ka pirmreizinātāju kāpinātāji dalās ar to pašu skaitli",
1,2,6,2,0,SystemOfEqualExponents,Pakāpju pielīdzināšana,"Pārveidot veselu skaitļu vienādojumu par sistēmu, pielīdzinot pirmskaitļu kāpinātājus.",
1,3,0,0,0,Valuation,Pirmskaitļa kārta jeb valuācija,"Valuācijas jēdziens $\nu_p(n) = k$ fiksētam pirmskaitlim $p$: Atrod lielāko $k$, kuram $n$ dalās ar $p^k$",
1,3,1,0,0,ValuationProperties,Pirmskaitļa kārtas īpašības,"$\nu_p(a+b) = \min(\nu_p(a), \nu_p(b))$, ja valuācijas atšķiras un $\nu_p(a+b) \geq \nu_p(a)$, ja $\nu_p(a) = \nu_p(b)$. ",
1,3,2,0,0,FactorizingPrimePower,Skaitļa pieraksts formā $p^k \cdot u$,,
1,3,3,0,0,ValuationChange,Pirmskaitļa kārtas izmaiņas,Izmantot p-valuācijas funkcijas vērtību izmaiņas,
1,3,4,0,0,LiftingTheExponent,Kāpinātāja pacelšanas lemmas,"Valuācijas pakāpju starpībai $a^n - b^n$, ja $a - b$ dalās ar $p$",
1,3,4,1,0,LiftingTheExponentOdd,Kāpinātāja pacelšana nepāra pirmskaitlim,,
1,3,4,2,0,LiftingTheExponentTwo,Kāpinātāja pacelšana pie $p=2$,,
1,3,5,0,0,ValuationsForFactorials,Pirmskaitļa kārta faktoriālu izteiksmēs,,
1,3,5,1,0,LegendreFormulaFactorials,Ležandra formula,Izmantot Ležandra formulu $\nu_p(n!) = \lfloor p/n \rfloor + \lfloor p/n^2 \rfloor + \ldots$,
1,3,5,2,0,KummerTheoremCombinations,Kummera teorēma par binomu koeficientiem,"Lielākā pirmskaitļa pakāpe, ar kuru dalās binomiālais koeficients izteikta ar ciparu summām",
1,3,5,3,0,,Lūkas teorēma par binomu koeficientiem,,
1,4,0,0,0,IntegerCongruence,Skaitļu kongruence pēc moduļa,,
1,4,1,0,0,CongruenceClasses,Kongruences klases pēc fiksēta moduļa,,
1,4,2,0,0,ModularArithmetic,Aprēķini pēc moduļa,,
1,4,2,1,0,ModularParity,Aprēķini pēc moduļa 2,Paritātes izmantošana skaitļu teorijas piemēros,
1,4,2,2,0,ModularArithmeticOther,Aprēķini pēc citiem moduļiem,"Cita modulārā aritmētika, tsk. decimālpieraksta pēdējais cipars",
1,4,3,0,0,PeriodicRemainders,Periodiskas atlikumu virknes,,
1,4,4,0,0,LittleFermatAndEuler,Mazā Fermā un Eilera teorēmas,,
1,5,0,0,0,SelectingModule,Moduļa izvēle,,
1,5,1,0,0,ModularArithmeticContradiction,Pretrunas modulis,,
1,5,2,0,0,PrimeModules,Pirmskaitļi,,
1,5,3,0,0,OtherModules,Dažādu moduļu izmantošana,,
1,5,4,0,0,CongruenceEquations,Kongruenču vienādojumi un sistēmas,,
1,5,4,1,0,CongruenceEquationsLinear,Lineāri kongruenču vienādojumi,"Lineāri kongruenču vienādojumi, risināšana, piemēram, ar inversajiem elementiem",
1,5,4,2,0,ChineseRemainderTheorem,Ķīniešu atlikumu teorēma,,
1,6,0,0,0,InfiniteDescent,Bezgalīgā kritiena metode,,
1,7,0,0,0,NumTheoryTransformations,Pārveidojumi,,
1,7,1,0,0,NumTheoryFactorizations,Sadalīšana reizinātājos,,
1,7,2,0,0,NumTheoryEqualityToConstant,Vienādojuma pārveidošana formā $fg = c$,,
1,7,3,0,0,NumTheoryEqualityToPower,Vienādojuma pārveidošana formā $fg = u^m$,,
1,7,4,0,0,NumTheoryIdentities,Identitāšu izmantošana,,
1,8,0,0,0,NumTheoryInequalityMethod,Nevienādības,,
1,8,1,0,0,NumTheoryInequalitySideComparison,Vienādojuma abu pušu salīdzināšana pēc lieluma,,
1,8,2,0,0,NumTheoryInequalitySmallIntervals,Mazie intervāli,,
1,8,3,0,0,NumTheoryInequalityLargeIntervals,Lielie intervāli,,
1,9,0,0,0,NumTheoryExtremeElement,Ekstremālais elements,,
1,9,1,0,0,NumTheoryExtremeChoiceOther,Dažādas ekstremālā elementa izvēles metodes,,
1,9,2,0,0,NumTheoryExtremeSmallestPrime,Mazākā pirmreizinātāja izvēle,,
1,9,3,0,0,NumTheoryExtremeOrderedSet,Skaitļu kopas sakārtošana,,
1,9,4,0,0,NumTheoryExtremeOptimization,Optimizācija,,
1,10,0,0,0,NumTheoryPigeonhole,Dirihlē princips,,
1,10,1,0,0,NumTheoryPigeonholeRemainders,Atlikumu salīdzināšana pēc moduļa,,
1,10,2,0,0,NumTheoryPigeonholeCombinations,Skaitļu kombināciju skaita salīdzināšana,,
1,10,3,0,0,NumTheoryPigeonholeNewSets,Jaunu kopu veidošana,,
1,10,4,0,0,NumTheoryPigeonholeFiniteFragments,Galīgu fragmentu salīdzināšana,,
1,10,5,0,0,NumTheoryPigeonholeInfinite,Bezgalīgs lielāks nekā galīgs,,
1,10,6,0,0,NumTheoryPigeonholeEqualSets,Dirihlē princips skaitliski vienādām kopām,,
1,10,7,0,0,NumTheoryPigeonholeRational,Dirihlē princips saistībā ar racionāliem tuvinājumiem,,Pārcelts 3.11.3.3.0
1,11,0,0,0,NumTheoryMathInduction,Matemātiskā indukcija skaitļu teorijā,,
1,11,1,0,0,NumTheoryMathInductionPlusOne,Matemātiskā indukcija skaitļu teorijā $k \rightarrow k+1$,,
1,11,2,0,0,NumTheoryMathInductionPlusA,Matemātiskā indukcija skaitļu teorijā $k \rightarrow k+a$,,
1,11,3,0,0,StrongAndReverseInduction,Stiprā un apgrieztā indukcija skaitļu teorijā,,
1,11,4,0,0,StrengtheningInductiveHypothesis,Izmainīto apgalvojumu induktīvie pierādījumi,,
1,11,5,0,0,NumTheoryInduciveConstructions,Induktīvās konstrukcijas,,
1,11,6,0,0,InductionByDigits,Indukcija pa cipariem skaitļa decimālajā pierakstā,,
1,11,7,0,0,LinearRecurrentReleations,Lineārās rekurentās sakarības,,
1,12,0,0,0,NumeralSystems,Skaitīšanas sistēmas,,
1,12,1,0,0,DecimalNotation,Decimālā skaitīšanas sistēma,,
1,12,1,1,0,DecimalNotationDigits,Ciparu skaits,Novērtēt ciparu skaitu dažādu darbību rezultātos,
1,12,1,2,0,DigitsInOperationResult,Ciparu skaita novērtējums divu skaitļu summā vai reizinājumā,Novērtēt ciparu skaitu divu vai vairāku skaitļu summā,
1,12,1,3,0,PeriodicDigitGroups,Periodiskas ciparu grupas,Periodisku ciparu grupu izteikšana ar ģeometriskas progresijas summu,
1,12,1,4,0,DecimalFractions,Decimāldaļskaitļi,Skaitļa pieraksts ar galīgu vai bezgalīgu decimāldaļu,
1,12,1,4,1,RationalNumbersAsDecimal,Racionālu skaitļu decimālpieraksts,"Nosacījumi, kad racionāla daļa ir galīga, bezgalīga periodiska un bezgalīgi periodiska ar priekšperiodu",
1,12,1,4,2,ComputingPeriodicFractions,Periodisku daļu aprēķināšana,"Periodisku daļskaitļu perioda garums, skaitlisks novērtējums ar bezgalīgu ģeometrisku progresiju",
1,12,1,4,3,IrrationalNumbersAsDecimal,Neperiodiskas decimāldaļas,Spriedumi par iracionāliem skaitļiem decimālpierakstā,
1,12,2,0,0,BinaryNotation,Binārā skaitīšanas sistēma,,
1,12,3,0,0,OtherNumeralSystems,Citas skaitīšanas sistēmas,,
1,12,4,0,0,NotationManipulate,Skaitļa pārveidojumi,"Saprast, kā mainās skaitlis, ja tajā pārvieto vai iesprauž ciparus",
1,12,4,1,0,NotationPolynomial,Decimāla izteiksme,"Izteikt skaitli ar decimālpieraksta cipariem, reizinot ar $10^k$",
1,12,4,2,0,NotationFragments,Izteikšana ar cipariem,"Izteikt skaitli gan ar cipariem, gan garākiem gabaliem",
1,12,4,3,0,NotationShift,Izteikšana divos gabalos,"Izteikt garu skaitli divos gabalos, piereizinot vienu no tiem ar $10^k$",
1,12,4,4,0,NotationInsert,Jaunu ciparu iespraušana,"Veidot jaunus piemērus, iespraužot skaitļa decimālpierakstā jaunus ciparus.",
1,12,5,0,0,NumericAlgorithms,Algoritmi veselu skaitļu darbībām,"Saskaitīšana, atņemšana, reizināšana, dalīšana stabiņā; ātrākas speciālas metodes, piemēram, skaitļu, kas beidzas ar 5, kāpināšanai kvadrātā",
1,13,0,0,0,CaseAnalysis,Gadījumu pārlase,,
1,13,1,0,0,CasesByCongruenceClass,Gadījumu pārlase pēc moduļa,,
1,13,2,0,0,CaseAnalysisUsingDivisibility,"Pārlases ierobežošana, izmantojot dalāmību",,
1,13,3,0,0,CaseAnalysisUsingInequalities,"Pārlases ierobežošana, izmantojot nevienādības",,
1,13,4,0,0,CaseAnalysisByDigit,Ciparu pārlase skaitļa decimālajā pierakstā,,
1,14,0,0,0,BuildingExamples,Piemēru konstrukcija,,
1,14,1,0,0,NumTheoryExamples,Skaitliskie piemēri,,
1,14,2,0,0,NumTheoryExpr,Algebrisko izteiksmju izmantošana,,
1,14,2,1,0,NumTheoryExprForConcepts,Skaitļu īpašību izteikšana kvantitatīvi,"Izteikt kvalitatīvas skaitļu īpašības (dalāmi ar kko, pēc kārtas sekojoši, nepāru, pilni kvadrāti u.c.) ar mainīgo izteiksmēm",
1,14,2,2,0,NumTheoryExprVariables,Mainīgo ieviešana,"Izvēlēties nedaudzus nezināmos lielumus, ar ko piemērā izteikt citus",
1,14,3,0,0,NumTheoryExamplesDivisibility,Dalāmības īpašību izmantošana,,
1,14,4,0,0,NumTheoryExamplesPigeonhole,Dirihlē teorēmas izmantošana,,
1,14,5,0,0,NumTheoryExamplesCongruences,Kongruenču izmantošana,,
1,14,6,0,0,NumTheoryExamplesCombinatorics,Kombinatoriskās metodes,,
1,15,0,0,0,IntegerGrouping,Grupēšana,,
1,15,1,0,0,IntegerGroupingInPairs,Grupēšana pa pāriem,,
1,15,2,0,0,WilsonsTheorem,Vilsona teorēma,,
1,15,3,0,0,GroupingMoreThanPairs,Vairāku locekļu grupēšana,,
1,16,0,0,0,Lattices,Režģi,,
1,16,1,0,0,OneDimensionalLattices,Viendimensionālie režģi,,
1,16,2,0,0,TwoDimensionalLattices,Divdimensionāla režģa apjoms,,
1,16,3,0,0,LatticePointsWithinBounds,Režģa punktu skaits ierobežotā apgabalā,,
1,17,0,0,0,ConjugateNumbers,Saistītie skaitļi,Kvadrātiskie lauki un saistītie skaitļi,
1,17,1,0,0,ConjugateNumbersProperties,Saistīto skaitļu īpašības,Saistīto skaitļu īpašību izmantošana,
1,17,2,0,0,ConjugateNumberSum,Saistīto skaitļu summa,Saistīto skaitļu summa ir vesels skaitlis,
1,17,3,0,0,QuadraticFieldNorm,Skaitļa norma,,
1,17,4,0,0,PellEquation,Pella vienādojums,Teorēma par Pella vienādojuma atrisinājumiem ,
1,18,0,0,0,IntegerPolynomials,Polinomi ar veseliem koeficientiem,Polinomi ar veseliem koeficientiem vai veselām vērtībām,
1,18,1,0,0,IntegerPolynomialsValues,Polinoma vērtības dažādos punktos,Veselu koeficientu polinomu vērtības,
1,18,2,0,0,PolynomialDifferenceDivisibility,Īpašība $(x -y) \mid P(x) - P(y)$,"Teorēma: Ja $P(x)$ koeficienti ir veseli skaitļi, tad visiem veseliem $x$ un $y$: $P(x)-P(y)$ dalās ar $x-y$.",
1,18,3,0,0,PolynomialLongDivision,Polinoma dalīšana ar atlikumu,"Divu polinomu dalīšana ""stabiņā""",
1,18,4,0,0,PolynomialVietaFormula,Vjeta formulu izmantošana,"Vjeta formulu izmantošana: Ja saknes ir veselas un reālas, tad ar tām var izteikt visus polinoma $P(x)$ koeficientus. ",
1,18,5,0,0,RationalRootTheorem,Polinoma racionālās saknes,"Racionālo sakņu teorēma: Ja $x=p/q$ ir $P(x)$ racionāla sakne, tad $P(x)$ vecākajam koeficientam jādalās ar $q$, bet brīvajam loceklim jādalās ar $p$. ",
1,19,0,0,0,IntegersAndCombinatorics,Skaitļi un kombinatorika,,
1,19,1,0,0,ParityInCombinatorics,Paritāte,,
1,19,2,0,0,IntegerInvariants,Invarianti,,
1,19,3,0,0,CountingCombinations,Kombināciju skaitīšana,,
1,19,4,0,0,BinomialTheorem,Ņūtona binoms un binomiālie koeficienti,,
1,20,0,0,0,IntegersAndGeometry,Skaitļi un ģeometrija,,
1,20,1,0,0,GeometryForDiophantineEquations,Analītiskās ģeometrijas izmantošana Diofanta vienādojumu risināšanā,,
1,20,2,0,0,IntegersInGeometricInterpreations,Ģeometriskās interpretācijas metode.,,
2,0,0,0,0,Algebra,Algebra,,
2,1,0,0,0,AlgebraicTransformations,Algebriskie pārveidojumi,,
2,1,1,0,0,Identities,Identitātes,,
2,1,1,1,0,StandardIdentities,Pamatidentitāšu lietošana,Summas kvadrāts; kvadrātu starpība; pakāpju īpašības.,
2,1,1,2,0,AdvancedIdentities,Dažas nestandarta identitātes,Augstāku pakāpju summa un starpība; Ņūtona binoms; S.Žermēnas identitāte; $a^3+b^3+c^3-3abc$,
2,1,1,3,0,CompletingSquare,Pilnā kvadrāta atdalīšana,"Kvadrātiskas izteiksmes pārveidošana tā, lai pazustu lineārais saskaitāmais.",
2,1,2,0,0,SymmetricAlgebraicExpressions,Operācijas ar simetriskām izteiksmēm,Simetriskas izteiksmes un darbības ar homogēnām algebriskām izteiksmēm,
2,1,3,0,0,ConjugateExpressions,Saistītās izteiksmes un to lietošana,,
2,1,4,0,0,IntegerExpressionsAndOperations,Operācijas ar veselām izteiksmēm,,
2,1,5,0,0,ComparingRealAndImaginaryParts,Komplekso skaitļu reālo un imagināro daļu salīdzināšana,,Vai ir vajadzīga lielāka sadaļa par kompleksajiem skaitļiem?
2,1,6,0,0,DecomposingExpressionAsSum,Izteiksmju sadalīšana saskaitāmajos,,
2,1,7,0,0,MathInductionAndExpressions,Matemātiskā indukcija,,"Vajadzētu pārsaukt ""Matemātiskā indukcija algebras pārveidojumos""?"
2,1,8,0,0,InterpretationsInAlgebra,Interpretācijas,,
2,1,8,1,0,CombinatorialInterpretations,Kombinatoriskās interpretācijas,,
2,1,8,2,0,TrigonometricInterpretations,Trigonometriskās interpretācijas,,
2,1,8,3,0,GeometricInterpretations,Ģeometriskās interpretācijas,,
2,1,9,0,0,SpecialPropertiesOfNumericCoefficients,Skaitlisko koeficientu specifisku īpašību izmantošana,,
2,2,0,0,0,AlgebraicEquations,Vienādojumi,Algebriski vienādojumi,
2,2,1,0,0,EquationSolving,Vienādojumu risināšana,,
2,2,1,1,0,EquationFactorization,Sadalīšana reizinātājos,"Vienādojumu dalīšana reizinātājos, tsk. izmantojot uzminētas saknes",
2,2,1,2,0,EquationSubstitution,Jaunu mainīgo ieviešana,,
2,2,1,3,0,AlgebraicIdentitiesOther,Nestandarta algebriskie pārveidojumi,"(Līdzīgs ar 2.1.1.2.0 - ""Dažas nestandarta identitātes"")",
2,2,1,4,0,UsingVietaFormulas,Vjeta formulu lietošana,(Sakrīt ar 2.2.2.3.0),
2,2,1,5,0,EquationsApplyInequalities,Nevienādību pielietošana,,
2,2,1,6,0,EquationComparingSidesAsFunctions,"Vienādojuma abu pušu pētīšana, uztverot tās kā funkcijas","Parametrizēt vairāku mainīgo vienādojumu, pieņemot kādu no mainīgajiem par parametru; tad pētīt abas puses kā funkcijas no otra mainīgā.",
2,2,1,7,0,EquationReductionToSystem,Vienādojuma reducēšana uz vienādojumu sistēmu,,
2,2,1,8,0,FundamentalTheoremAlgebra,Atsauces uz algebras pamatteorēmu,,
2,2,2,0,0,EquationAnalysis,"Vienādojumu pētīšana, tos neatrisinot",,
2,2,2,1,0,QuadraticEquationRootConditions,Kvdrātvienādojuma atrisinājuma eksistences nosacījumi,,
2,2,2,2,0,InequalityApplication,Nevienādību pielietošana,,
2,2,2,3,0,VietaFormulas,Vjeta formulu lietošana,,
2,2,2,4,0,EquationsGeometricInterpretation,Ģeometriskās interpretācijas pielietošana,,
2,2,2,5,0,DescartesRuleOfSigns,Dekarta likums,"Polinoma pozitīvo sakņu skaits vienāds ar zīmju maiņu skaitu polinoma koeficientos, vai arī ir mazāks nekā zīmju maiņu skaits par pāra skaitli",
2,2,2,6,0,EquationSolvingWithRealAnalysis,Matemātiskās analīzes metodes,,
2,2,2,6,1,EquationsAndMonotonicity,Monotonitātes izmantošana,,
2,2,2,6,2,EquationsAndContinuity,Nepārtrauktības izmantošana,,
2,2,2,6,3,EquationsAndExtremeValues,Ekstrēmu vērtību izmantošana,,
2,2,2,6,4,EquationsAndIntegrals,Integrāļa izmantošana,,
2,2,2,6,5,EquationsAndFunctionPlots,Grafiku pielietošana,,
2,3,0,0,0,ProvingInequalities,Nevienādību pierādīšana,,
2,3,1,0,0,InequalitiesEquivalentTransformations,Ekvivalento pārveidojumu metode,,
2,3,2,0,0,InequalityProvingStronger,Nevienādības pastiprināšanas metode,,
2,3,3,0,0,MathInductionForInequalities,Matemātiskās indukcijas metode,,"Var pārsaukt ""Matemātiskā indukcija nevienādībās""?"
2,3,4,0,0,ProvingInequalitiesWithOtherInequalities,Citu nevienādību izmantošana,,
2,3,4,1,0,AddingOrMultiplyingInequalities,Vairāku nevienādību saskaitīšana vai reizināšana,,
2,3,4,2,0,InequalitiesBetweenMeanValues,Nevienādības starp klasiskajiem vidējiem lielumiem,,"Sk. arī 2.5.1.3.0 ""Nevienādības starp citiem vidējiem lielumiem"" (AM-GM nevienādība u.c. noder gan citu nevienādību, gan ekstrēmu uzdevumu pierādīšanā)"
2,3,4,3,0,CauchyBunyakovsky,Košī-Buņakovska nevienādība,,
2,3,4,4,0,ChebyshevInequality,Čebiševa nevienādība,,
2,3,4,5,0,JensenInequality,Jensena nevienādība,,
2,3,5,0,0,InequalitySolvingWithRealAnalysis,Matemātiskās analīzes metodes,,"Var pārsaukt ""Matemātiskā analīze nevienādību pamatošanā""?"
2,3,5,1,0,RealAnalysisAndExtremes,Ekstrēma atrašana,,
2,3,5,2,0,RealAnalysisAndMonotonicity,Funkcijas monotonitāte,,
2,3,5,3,0,InequalitiesAndIntegrals,Integrāļa lietošana,,
2,3,6,0,0,InequalitiesInterpretations,Interpretācijas,,
2,3,6,1,0,InequalitiesGeometricInterpretations,Ģeometriskās interpretācijas,,
2,3,6,2,0,InequalitiesProbabilisticInterpretations,Varbūtību teorijas interpretācijas,,
2,4,0,0,0,SystemsOfEquations,Vienādojumu sistēmas,,
2,4,1,0,0,LinearTransforms,Lineāri pārveidojumi,,
2,4,1,1,0,LinearSystemsTransforms,Lineāru vienādojumu sistēmu kombinēšana,,
2,4,1,2,0,LinearSystemsApplications,Lineāru sistēmu lietojumi,,
2,4,2,0,0,SystemsSubstituteVariables,Ievietošanas metode,,
2,4,3,0,0,SystemsInterpretations,Interpretācijas,,
2,4,4,0,0,SystemsApplyInequalities,Nevienādību pielietošana,,
2,4,5,0,0,SystemsCyclicSolutionMethods,Speciālās ciklisko sistēmu risināšanas metodes,,
2,4,5,1,0,SystemsExtremeValues,Ekstremālās vērtības metode,,
2,4,5,2,0,SystemsAnalysisMethods,Matemātiskās analīzes metodes,,
2,4,6,0,0,SystemsOtherMethods,Dažādas metodes,,
2,5,0,0,0,AlgebraProblemsWithExtremes,Ekstrēmu uzdevumi algebrā,,
2,5,1,0,0,ExtremeProblemsAndInequalities,"Ekstrēmu uzdevumu risināšana, izmantojot nevienādības",,
2,5,1,1,0,ExtremeProblemsWithInequalities,Nevienādība,,Būtībā sakrīt ar vecāku kategoriju
2,5,1,2,0,AmGmInequality,Nevienādība starp vidējo aritmētisko un vidējo ģeometrisko,,
2,5,1,3,0,OtherMeanInequalities,Nevienādības starp citiem vidējiem lielumiem,,
2,5,2,0,0,GeometricIntepretationOfInequalities,Ģeometriskas interpretācijas lietošana,,
2,5,2,1,0,LengthOfPolygonalChain,Lauztas līnijas garums,,
2,5,2,2,0,InequalitiesForDistanceSums,Attālumu summa,,
2,5,2,3,0,InequalitiesForAreas,Laukums,,
2,5,3,0,0,IncreasingFunctionValues,Funkcijas vērtības pakāpeniska palielināšana,,
2,5,4,0,0,ReplacingFunctionWithUpperBound,Funkcijas aizstāšana ar to mažorējošu funkciju,"Nevienādības mazākās puses aizstāšana ar funkciju, kas ir tās augšējais novērtējums","""majorant function"" termins eksistē, bet parasti to lieto augstskolu analīzē un diferenciālvienādojumos"
2,5,5,0,0,FindingExtremesWithAlgorithm,"Ekstrēma atrašana, konstruējot algoritmu tā meklēšanai",,
2,5,6,0,0,FindingExtremesWithFunctionProperties,"Ekstrēma atrašana, lietojot zināmas funkcijas īpašības",,
2,5,7,0,0,FindingExtremesUsingIntegerProperties,"Ekstrēma atrašana, izmantojot naturālu skaitļu specifiskas īpašības",,
2,5,8,0,0,FindingExtremesUsingSpecialValues,"Ekstrēma atrašana, izmantojot funkciju vērtības speciālā veidā izvēlētos punktos",,
2,6,0,0,0,NumericSequences,Skaitļu virknes,,
2,6,1,0,0,ArithmeticAndGeometricSeries,Aritmētiskās un ģeometriskās progresijas,,
2,6,1,1,0,SeriesMembersSumsClosedFormulas,Vispārīgā locekļa un summas formulas,,
2,6,1,2,0,SeriesInterpretations,Interpretācijas,,
2,6,1,3,0,SequenceSplittingIntoProgressions,Sadalīšana progresijās,,
2,6,1,4,0,DecimalDigitsOfSeries,Progresiju locekļu decimālie cipari,,
2,6,1,5,0,ArithmeticPropertiesOfSeries,Progresiju locekļu aritmētiskās īpašības,,
2,6,1,6,0,SequenceGaps,Virknes locekļu starpības,Izmantot spriedumus par dažu virkņu kaimiņu locekļu starpībām,
2,6,1,6,1,FullPowerGaps,Pilnu pakāpju starpības,Pilnu kvadrātu atstarpes veido aritmētisku progresiju $2k+1$,
2,6,1,6,2,GeometricSeriesGaps,Ģeometriskas progresijas locekļu starpības,"Izmantot to, ka $2^n$ locekļu starpības aug ģeometriskā progresijā.",
2,6,2,0,0,RecurrentSequences,Virkņu locekļu starpības,,
2,6,2,1,0,DefiningRecurrentSequences,Rekurento virkņu sastādīšana un lietojumi skaitliska rezultāta iegūšanai,,
2,6,2,2,0,FibonacciNumbers,Fibonači skaitļi un to īpašības,,
2,6,2,3,0,RecurrentSequencesGrowthEstimates,Rekurento virkņu augšanas novērtējumi,"Raksturīgie vienādojumi, pāreja uz homogēno virkni, nevienādības virknēm",
2,6,2,4,0,RecurrentSequencesClosedFormulas,Rekurento virkņu vispārīgo locekļu formulas,Pāreja no rekurencēm uz slēgtām formulām ,
2,6,3,0,0,SequencePeriodicity,Periodiskums un neperiodiskums,"Virkņu periodiskuma pamatošana, arī izmantojot rekurentas sakarības",
2,6,4,0,0,BasisOfVectorSpace,Bāzes,Lineāras telpas elementu izteikšana ar nedaudziem bāzes elementiem?,"Varbūt vajag lielāku tēmu par lineāro algebru? (Vai arī ar ""bāzi"" domāts kas cits.)"
2,6,5,0,0,Monotonicity,Monotonitāte,,
2,6,6,0,0,SubsequenceSystems,Apakšvirkņu sistēmas,,
2,6,7,0,0,RepetitiveFragmentsInSequenceSystems,Fragmentu atkārtošanās virkņu sistēmās,,
2,6,8,0,0,ArbitrarySequencesInequalities,Nevienādības patvaļīgām virknēm,,
3,0,0,0,0,Combinatorics,Kombinatorika,,
3,1,0,0,0,CountingObjects,Objektu skaitīšana,,
3,1,1,0,0,RuleOfProduct,Reizinājuma likums un saskaitīšanas likums,,
3,1,1,1,0,RuleOfProductWithRepetitions,"Reizināšanas likums, ja iespējami atkārtojumi",,
3,1,1,2,0,CountingSetDifference,Kopu starpības elementu saskaitīšana,,
3,1,2,0,0,MethodOfRecurrentRelations,Rekurento sakarību metode,,
3,1,2,1,0,LinearRecurrencesConstant,Lineārās rekurentās sakarības ar konstantiem koeficientiem,,
3,1,2,2,0,LinearRecurrencesVariable,Lineārās rekurentās sakarības ar mainīgiem koeficientiem,,
3,1,2,3,0,NonlinearRecurrences,Nelineāras rekurentas sakarības,,
3,1,3,0,0,SetTraversalOrganization,Pārlases organizācija,,
3,1,4,0,0,InclusionExclusionPrinciple,Ieslēgšanas – izslēgšanas formula,,
3,1,5,0,0,InterpretationMethodInCounting,Interpretāciju metode skaitīšanā,,
3,1,6,0,0,StandardCombinatorialNumbers,Kombinatoriskie skaitļi un to īpašības,,
3,1,7,0,0,CountingFromEncoding,Iekodētu virknīšu saskaitīšana,"Saskaitīt vai konstruēt kaut ko, aizpildot alfabētiskā secībā",
3,1,8,0,0,CountingUsingSymmetry,"Variantu saskaitīšana, izmantojot simetriju",,
3,2,0,0,0,GraphProblems,"Uzdevumi, kas acīmredzami reducējas uz grafiem",,
3,2,1,0,0,MathObjectsAsGraphs,Matemātisku objektu attēlošana ar grafu palīdzību,,
3,2,2,0,0,GraphVertexDegree,"Uzdevumi, kas saistīti ar grafa virsotnes kārtu",,
3,2,2,1,0,GraphTwoVerticesEqualDegree,Katrā grafā ir divas virsotnes ar vienādu kārtu,,
3,2,2,2,0,GraphVertexMaxDegree,Virsotne ar maksimālo kārtu,,
3,2,2,3,0,DegreesInSugraphs,Apakšgrafu virsotņu kārtas,,
3,2,3,0,0,Circuits,Cikli,,
3,2,3,1,0,EulerCircuits,Eilera cikla eksistence un neeksistence,,
3,2,3,2,0,HamiltonCircuits,Hamiltona cikla eksistence un neeksistence,,
3,2,3,3,0,GraphDecompositionInCircuits,Grafa sadalījums ciklos un tā pielietojumi,,
3,2,3,4,0,BipartiteGraphs,Divdaļīgi (bipartite) grafi,,
3,2,4,0,0,GraphColoredEdges,Grafi ar krāsainām šķautnēm,,
3,2,4,1,0,RamseyTheorem,Ramseja teorēma,,
3,2,4,2,0,RamseyNumbers,Ramseja skaitļi,,
3,2,4,3,0,CriticalRamseyGraphs,Kritiskie Ramseja grafi,,
3,2,4,4,0,SaturatedGraphs,Piesātinātie grafi,,
3,2,5,0,0,GraphColoredVertices,Grafi ar krāsainām virsotnēm,,
3,2,6,0,0,GraphEnumeration,Grafu numerācijas,,
3,2,6,1,0,GracefulLabeling,Graciozie grafi,"Gracioza virsotņu numurēšana grafā: Grafā ar $m$ šķautnēm piešķirt virsotnēm atšķirīgus numurus no $0$ līdz $m$ tā, lai katras šķautnes galapunktu numuru starpības būtu dažādas pēc absolūtās vērtības un pieņemtu visas vērtības no $[1;m]$. ",
3,2,6,2,0,MagicGraphs,Maģiskie grafi,"Grafi, kuru šķautnes var sanumurēt ar naturāliem skaitļliem no $1$ līdz $m$ tā, lai katrai virsotnei pievienoto šķautņu numuru summa būtu viena un tā pati. ",
3,2,7,0,0,PlanarGraphs,Planārie grafi,"Grafi, kurus var attēlot plaknē bez šķautņu krustošanās. ",
3,2,7,1,0,GraphPlanarityConditions,Planaritātes nosacījumi,,
3,2,7,2,0,EulerFormulaPlanarGraphs,Eilera formula un tās secinājumi,Eilera formula planāriem grafiem: $E = V+F-2$ un tās sekas,
3,2,8,0,0,MinMaxTheorems,Minimaksa teorēmas,,
3,2,8,1,0,HallTheorem,Holla teorēma,Sk. arī 3.11.4.4.1,
3,2,8,2,0,DilworthLemmaAndTheorem,Dilvorsa lemma un Dilvorsa teorēma,Sk. arī 3.11.4.4.2,https://www.nms.lu.lv/fileadmin/user_upload/lu_portal/projekti/nms.lu.lv/Gramatas/Tematiskie/VidVeertMet_1996.pdf
3,2,8,3,0,KonigTheorem,Kēniga teorēma,Kőnig-a teorēma par grafu maksimāliem sapārojumiem: Katrā divdaļu grafā šķautņu skaits maksimālā sapārojumā ir vienāds ar virsotņu skaitu minimālajā virsotņu pārklājumā.,"Atdalīta ""Kēniga"" un ""Erdeša-Sekereša"" teorēmas.
Nevarēju atrast ""Kēniga-Rado"" teorēmu ar Google"
3,2,8,4,0,ErdosSzekeresTheorem,Erdeša-Šekereša teorēma,"Naturāliem skaitļiem $r$, $s$ un katrai virknei ar vismaz $(r − 1)(s − 1) + 1$ reāliem skaitļiem ir vai nu monotoni augoša apakšvirkne garumā $r$, vai arī monotoni dilstoša apakšvirkne garumā $s$. ",
3,3,0,0,0,Games,Spēles,,
3,3,1,0,0,GamesSymmetry,Spēles ar simetriju,,
3,3,1,1,0,GamesSymmetryDirect,Spēles ar tiešu simetriju,,
3,3,1,2,0,GamesSymmetryGeneralized,Spēles ar vispārinātu simetriju,,
3,3,2,0,0,GameModelCreation,Spēles modeļa veidošana,,
3,3,2,1,0,GameModelAsGrid,Spēles modelis rūtiņu režģī,,
3,3,2,2,0,GameModelAsGraph,Spēles modelis grafā,,
3,3,3,0,0,GamesWithBackground,Spēles ar priekšvēsturi. Eppa-Fērgusona teorēma,,Šis punkts nav atrodams olimpiāžu literatūrā. Fergusons ir saistīts ar šo? https://www.cs.cmu.edu/afs/cs/academic/class/15859-s05/www/ferguson/comb.pdf
3,3,4,0,0,WinningStrategyCleanProofs,Tīrie uzvarošās stratēģijas eksistences pierādījumi,,
3,3,5,0,0,GameInvariant,Spēles invariants,,
3,3,6,0,0,ProbabilisticGames,Varbūtiskās spēles,,Šo var arī pārvietot zem diskrētajām varbūtībām?
3,3,7,0,0,ContinuousGames,Nepārtrauktās spēles,,Šo var pārvietot zem analīzes un funkcijām?
3,4,0,0,0,CombinatorialAlgorithms,Vispārīgie kombinatoriskie algoritmi,,
3,4,1,0,0,AlgorithmDecryption,Algoritmu atšifrēšana,,Ar ko šis atšķiras no algoritmu analīzes?
3,4,2,0,0,AlgorithmAnalysis,Algoritmu analīze,,
3,4,3,0,0,AlgorithmDesign,Algoritmu izstrāde,,
3,4,3,1,0,DivideAndConquerAlgorithms,“Skaldi un valdi” tips,,
3,4,3,2,0,ProcedureTypeAlgorithms,Apakšprogrammas tips,,
3,4,3,3,0,InductiveAlgorithms,Induktīvie algoritmi,,
3,4,3,4,0,ExhaustiveSearch,Pārlases algoritmi,,Ar ko šis atšķiras no 3.4.6.2.0 (izsmelšanas metode)?
3,4,3,5,0,TreeTraversalBacktracking,Gadījumu koka apstaigāšana,"Atrisinājuma iegūšana ar sistemātisku variantu pārlasi, izveidojot ""backtracking"" koku un apstaigājot to dziļumā",
3,4,4,0,0,AlgorithmOptimization,Algoritmu optimizēšana,,
3,4,4,1,0,SortingAlgorithms,Kārtošanas algoritmi,,
3,4,4,2,0,ArithmeticOperationAlgorithms,Aritmētisko darbību izpildes algoritmi,,
3,4,4,3,0,AlgorithmsOnSyntaxTrees,Algoritmi sintakses kokos,Izteiksmes sintaktiskā analīze un izpilde kokveida datu struktūrā,
3,4,4,4,0,GraphAlgorithms,Algoritmi grafos,Koka vai grafa apstaigāšana dziļumā (DFS) vai platumā (BFS),
3,4,4,5,0,GeneralMethodsForLowerBounds,Vispārīgās apakšējo novērtējumu iegūšanas metodes.,,
3,4,5,0,0,AlgorithmCorrectness,Algoritmu pareizības pierādīšana,,
3,4,6,0,0,AlgorithmNonexistence,Algoritmu neeksistences pierādījumi,,
3,4,6,1,0,InvariantsAndSemiinvariants,Invariantu un pusinvariantu lietošana,,
3,4,6,2,0,ExhaustionMethod,Izsmelšanas metode.,,"Vai tas ir tas pats kas ""Brute Force""? Ir arī tāds ""Bucket sort""  - ""izsmelšanas metode kārtošanā""? "
3,4,6,3,0,ModellingMethod,Modelēšanas metode,,
3,4,6,4,0,GeneralLoopingIdea,Vispārīgā ieciklošanās ideja,,
3,4,7,0,0,NondeterministicAlgorithms,Nedeterminēti algoritmi.,,
3,4,8,0,0,ProbabilisticAlgorithms,Varbūtiskie algoritmi,,
3,4,9,0,0,AlgorithmsWithIncompleteKnowledge,Algoritmi nepilnas informācijas apstākļos.,,
3,5,0,0,0,CombinatorialStructures,Galvenās kombinatoriskās struktūras,,
3,5,1,0,0,ChessPositions,Izvietojumi uz šaha galdiņa,,
3,5,2,0,0,SystemsOfSubsets,Apakškopu sistēmas,,
3,5,3,0,0,SystemsOfSubsequences,Apakšvirkņu sistēmas,,
3,5,4,0,0,PascalTriangle,Paskāla trijstūris,,
3,5,5,0,0,Tournaments,Turnīri,,"Sk. arī 3.11.8.1.1 ""Turnīri"""
3,5,6,0,0,RegularLattices,Regulāri režģi,,
3,5,7,0,0,LatinSquares,Latīņu kvadrāti,,
3,6,0,0,0,LogicProblems,Loģiska rakstura uzdevumi,,
3,6,1,0,0,TrueAndFalseStatements,Uzdevumi par izteikumu patiesumu,,
3,6,2,0,0,ProblemsWithHiddenInformation,Uzdevumi ar apslēptu informāciju,,
3,6,3,0,0,Paradoxes,Paradoksi,,
3,7,0,0,0,InvariantMethod,Invariantu metode,,
3,7,1,0,0,CountingInvariants,Invarianti skaitīšanā,,
3,7,1,1,0,NumericResultForInvariant,Skaitliska rezultāta iegūšana,,
3,7,1,2,0,ConfigurationImpossibilityProofs,Konfigurāciju neiespējamības pierādījumi,,
3,7,2,0,0,InvariantInProcesses,Invarianti procesos,,
3,7,2,1,0,InvariantNumeric,Aritmētiskie invarianti,,
3,7,2,1,1,InvariantParity,Paritāte,,
3,7,2,1,2,InvariantRemainder,Specifiskas atlikumu vērtības,,
3,7,2,2,0,InvariantAlgebraic,Algebriskie invarianti,,
3,7,2,2,1,InvariantSum,Invariants – summa,,
3,7,2,2,2,InvariantProduct,Invariants – reizinājums,,
3,7,2,2,3,InvariantAlgebraicOther,Sarežģītāki invarianti,,
3,7,2,3,0,InvariantGeometric,Ģeometriskie invarianti,,
3,7,2,3,1,InvariantArea,Invariants – laukums,,
3,7,2,3,2,InvariantLength,Invariants – garums,,
3,7,2,3,3,InvariantDirection,Invariants – orientācija,,
3,8,0,0,0,ExtremeElementMethod,Ekstremālā elementa metode,,
3,8,1,0,0,ExtremeElementsInAlgebra,Ekstremālie elementi algebrā,,
3,8,2,0,0,ExtremeElementsInGeometry,Ekstremālie elementi ģeometrijā,,Varbūt šis jāpārvieto uz ģeometriju?
3,8,2,1,0,ClassicalExtremeElements,Klasiskie ekstremālie elementi,,"Noderētu piemēri, kas ar šo domāts"
3,8,2,2,0,ConvexHull,Izliektais apvalks,,
3,8,3,0,0,ExtremeElementsNumberTheory,Ekstremālie elementi skaitļu teorijā,,
3,8,4,0,0,ExtremeElementsCombinatorics,Ekstremālie elementi kombinatorikā,,
3,8,5,0,0,ExtremeElementsAlgorithms,Ekstremālā elementa metode algoritmu analīzē,,
3,8,6,0,0,ExtremeElementsParadoxes,"Paradoksi, kas saistīti ar ekstremālā elementa metodi",,
3,9,0,0,0,InterpretationMethod,Interpretāciju metode,,
3,9,1,0,0,UsingGeometryInAlgebra,Ģeometrijas pielietojumi algebrā,,
3,9,2,0,0,GraphInterpretations,Grafu interpretācijas,,
3,9,3,0,0,ParallelAndCentralProjections,Paralēlā un centrālā projekcijas,,
3,9,4,0,0,InequalitiesProbabilisticProofs,Nevienādību varbūtiskie pierādījumi,,
3,9,5,0,0,PhysicalInterpretations,Fizikālās interpretācijas,,
3,9,5,1,0,Baricenter,Smaguma centrs,,
3,9,5,2,0,PotentialEnergyMinimumPrinciple,Potenciālās enerģijas minimuma princips,,
3,9,5,3,0,EnergyPreservation,Enerģijas nezūdamības likums,,
3,9,6,0,0,InterpretationsOther,Dažādas interpretācijas,,
3,10,0,0,0,MathematicalInduction,Matemātiskās indukcijas metode,,
3,10,1,0,0,ProvingStatementsInSteps,Atsevišķu apgalvojumu pakāpeniska pierādīšana,,"Noderētu piemēri, kas ar šo domāts"
3,10,2,0,0,InductionNtoNplusOne,Shēma $n \rightarrow n+1$,,
3,10,3,0,0,InductionOtherStepSizes,"Shēma $n, n+1 \rightarrow n+2$","Šajā punktā apskatāmi citi indukcijas soļi, kas lielāki par $1$ un arī indukcija ar plašāku bāzi un hipotēzi",
3,10,4,0,0,StrongInduction,Shēma $<n \rightarrow n$,,
3,10,5,0,0,TwoDirectionalInductionSchemas,Divvirzienu indukcijas shēmas,,
3,10,6,0,0,ParallelInduction,Pastiprinātu apgalvojumu pierādīšana. Paralēlā indukcija.,,"""Izmainītu apgalvojumu induktīvu pierādīšanu"" sk. 1.11.4.0.0"
3,10,7,0,0,TwoDimensionalInduction,Divdimensionālā indukcija.,,
3,10,8,0,0,InductionByProduct,Indukcija pēc reizinājuma.,,
3,10,9,0,0,ChoosingComplexInductionVariable,Sarežģīta indukcijas parametra izvēle.,,
3,10,10,0,0,WrongProofsWithInduction,Paradoksāli “pierādījumi’’ ar indukciju.,,
3,10,11,0,0,ProvingIsolatedCasesWithInduction,Indukcija atsevišķu apgalvojumu pierādīšanā,,
3,10,12,0,0,InductionInAlgorithmCorrectness,Indukcija algoritmu pareizības pierādījumos,,
3,11,0,0,0,CombinatoricsMeanValue,Vidējās vērtības metode.,"Dirihlē princips un līdzīgi novērtējumi - ja indivīdu vērtības nav visas vienādas, tad vismaz viena no tām pārsniedz vidējo vērtību. (""Mean Value Method"" - šādu nosaukumu ārpus Latvijas neizmanto.  Mēdz būt ""Pigeonhole principle"" vai arī ""Mean Value Analysis"" - bet galvenokārt statistikā.)",https://www.lu.lv/fileadmin/user_upload/lu_portal/projekti/atom/Bonka.pdf
3,11,1,0,0,PigeonholePrincipleSimplest,Dirihlē principa vienkāršākie lietojumi,Dirihlē princips par $n+1$ objektiem $n$ kastēs,
3,11,2,0,0,PigeonholePrincipleForExtremes,Dirihlē princips uzdevumos par ekstremālajām vērtībām,Dirihlē princips lielākā vai mazākā elementa novērtējumiem,
3,11,3,0,0,PigeonholeNumTheory,Dirihlē princips skaitļu teorijā,,Līdzīgas sadaļas arī zem 1.10.0.0.0
3,11,3,1,0,PigeonholeRemainders,"Uzdevumi, kas saistīti ar atlikuma izmantošanu",,Līdzīgas sadaļas arī zem 1.10.0.0.0
3,11,3,2,0,PigeonholePrimeFactors,"Uzdevumi, kas saistīti ar skaitļa sadalīšanu pirmreizinātājos",,Līdzīgas sadaļas arī zem 1.10.0.0.0
3,11,3,3,0,PigeonholeRationalApproximations,"Uzdevumi, kas saistīti ar racionāliem tuvinājumiem",,Līdzīgas sadaļas arī zem 1.10.0.0.0
3,11,4,0,0,PigeonholeInGraphs,Dirihlē princips grafu teorijā,,
3,11,4,1,0,VertexDegreeInGraphs,Uzdevumi par virsotnes pakāpi,,
3,11,4,2,0,PathsAndCyclesInGraphs,Uzdevumi par sakārtojumiem virknēs un ciklos,,
3,11,4,2,1,GraphAugmentationWithRestrictions,Uzdevumi par izvietojumiem ar ierobežojumiem,,
3,11,4,2,2,HamiltonianCycle,Uzdevumi par Hamiltona ciklu,,
3,11,4,3,0,GraphsWithColoredEdges,Uzdevumi par grafiem ar krāsainām šķautnēm,,
3,11,4,3,1,RamseyNumbersCompleteGraphs,Ramseja skaitļi pilniem grafiem,,
3,11,4,3,2,RamseyNumbersGeneralization,Vispārinātie Ramseja skaitļi,,
3,11,4,3,3,RamseyProblemsIncompleteGraphs,Ramseja tipa uzdevumi nepilniem grafiem,,
3,11,4,4,0,MinimaxProblemsForGraphs,Minimaksa tipa uzdevumi,,
3,11,4,4,1,HallMarriageTheorem,Uzdevumi par Holla teorēmu,Hola (Hall) teorēma par maksimālā sapārojuma eksistenci divdaļīgos grafos un vispārinājumi,
3,11,4,4,2,DilworthTheorem,Uzdevumi par Dilvorsa teorēmu,Sk. arī 3.2.8.2.0,
3,11,5,0,0,PigeonholePrincipleInGeometry,Dirihlē princips ģeometrijā,,Var apsvērt visas šīs sadaļas 3.11.5 pārcelšanu zem Kombinatoriskās ģeometrijas
3,11,5,1,0,MaxDistancePolygonVertices,Maksimālais attālums starp daudzstūra punktiem,,
3,11,5,2,0,PolygonalChainVerticesSegments,Lauztas līnijas virsotņu un posmu īpašības,,
3,11,5,3,0,EstimatingSums,Summu novērtēšanas metodes,,
3,11,5,3,1,SumsDirectEstimates,Tieši summu novērtējumi,,
3,11,5,3,2,SumEstimatesOverlaps,Summu novērtējumi un pārklāšanās,,
3,11,5,3,2,SumEstimatesOverlapsDirectUse,Tieši pielietojumi,,Varbūt var apvienot ar 3.11.5.3.2 (jo citādi kokā ir 6 līmeņi)
3,11,5,3,2,SumEstimatesOverlapsNeighborhood,Apkārtnes jēdziens un tā lietojumi,,Varbūt var apvienot ar 3.11.5.3.2 (jo citādi kokā ir 6 līmeņi)
3,11,5,3,3,SumEstimatesTriangleInequality,Summu novērtējumi un trijstūra nevienādība,,
3,11,5,4,0,RamseyTheoryGeometry,Ramseja teorija ģeometrijā,,
3,11,5,4,1,RamseyAndPointDistances,Attālumu realizācija plaknē,,
3,11,5,4,2,RamseyAndIntegerDistances,Attālumu realizācija veselo skaitļu kopā,,
3,11,5,4,3,RamseyConfigurationsOther,Sarežģītāku konfigurāciju piemēri,,
3,11,5,4,4,GrahamPollakTheorem,R.Greiama teorēma,,Ir vairākas Greiama teorēmas; nezinu vai šī ir īstā
3,11,5,4,5,BaricenterCoordinates,Smaguma centra koordinātas,,Smaguma centrs neizskatās pēc Dirihlē principa lietojuma; sk. arī 3.11.5.6.0
3,11,5,5,0,DelworseTheorem,Īpatnēji “būru” konstruēšanas paņēmieni,,"""Dilvorsa teorēma"" gandrīz noteikti nepareizi uzraksīts personvārds"
3,11,5,6,0,BaricenterAsMeanValueVariant,Smaguma centrs kā vidējās vērtības jēdziena variants,,
3,11,6,0,0,MeanValueForInfiniteSets,Metodes pielietojumi bezgalīgām kopām,,
3,11,6,1,0,ReplacingInfiniteSetWithFiniteSet,Bezgalīgas kopas aizstāšana ar lielu galīgu kopu,,
3,11,6,2,0,PartitioningInfinityIntoFinitelyManyParts,Bezgalīgu kopu sadalīšana galīgā skaitā daļu,,
3,11,6,2,1,MeanValueInGraphAnalysis,Pielietojumi grafu analīzē,,
3,11,6,2,2,ProvingFinitenessOfSomeProcess,"Uzdevumi, kuros jāpierāda, ka kāds process ir galīgs",,
3,11,6,3,0,DecomposingSumIntoInfinitelyManyParts,Summas sadalīšana bezgalīgi daudzos saskaitāmajos,,
3,11,6,4,0,TheIntegerMeanForSegmentProjection,Nogriežņa projekcijas integrālā vidējā vērtība,,
3,11,6,5,0,ComparingConceptsOfinfinity,Dažādas bezgalības izpratnes un to salīdzināšana,,
3,11,7,0,0,ProvingInequalitiesCombinatorics,Nevienādību pierādīšanas metodes,,"Vai nevienādības nav drīzāk algebra? Ja ir kombinatoriskas nevienādības, būtu labi pamainīt nosaukumu vai aprakstu."
3,11,7,1,0,InequalitiesProveSolutionExistence,Nevienādību atrisinājumu eksistences pierādījumi,,
3,11,7,2,0,InequalitiesProbabilisticProofs,Varbūtību teorijas metodes nevienādību pierādīšanā,,
3,11,7,3,0,ProveInequalitiesWithBaricenter,"Nevienādību pierādīšana, izmantojot jēdzienu par smaguma centru",,
3,11,8,0,0,ComputerScienceApplications,Pielietojumi datorzinātnē,,
3,11,8,1,0,OptimalAlgorithms,Stratēģiju optimizēšana,,
3,11,8,1,1,ArrangingTournaments,Turnīru organizēšana,"Adaptīvi salīdzināšanas algoritmi, kuros nākamās salīdzināšanas izvēlas atkarībā no iepriekšējo salīdzināšanu rezultāta",
3,11,8,1,1,TournamentWithTopOne,Uzvarētāja noskaidrošana,"$n-1$ salīdzināšanas, lai no $n$ elementiem atrastu lielāko",Varbūt var apvienot ar 3.11.8.1.1 (jo citādi kokā ir 6 līmeņi)
3,11,8,1,1,TournamentWithTopTwo,Čempiona un vicečempiona noskaidrošana,"$n + \lceil \log_2(n) \rceil - 1$, lai no $n$ elementiem atrastu divus lielākos",Varbūt var apvienot ar 3.11.8.1.1 (jo citādi kokā ir 6 līmeņi)
3,11,8,1,1,TournamentWithTopThree,"Čempiona, vicečempiona un bronzas medaļas īpašnieka noskaidrošana",Trīs lielāko elementu atrašana nesakārtotā masīvā,Varbūt var apvienot ar 3.11.8.1.1 (jo citādi kokā ir 6 līmeņi)
3,11,8,1,1,TournamentFullOrdering,Monotonu turnīru pilnīga sakārtošana,Vajadzīgas vismaz $\lceil \log_2(n!) \rceil$ salīdzināšanas jeb aptuveni $n \cdot \log_2 n$,Varbūt var apvienot ar 3.11.8.1.1 (jo citādi kokā ir 6 līmeņi)
3,11,8,1,2,InformationPropagation,Informācijas izplatīšanās uzdevumi,Vienkārši paralēlie algoritmi un to sarežģītības apakšējie un augšējie novērtējumi ,
3,11,8,2,0,InformationEncoding,"Kodēšana, ",Kodēšana kā injektīva funkcija no objektiem uz burtu virknītēm,
3,11,8,3,0,SearchProblems,Dažādi meklēšanas uzdevumi,Algoritmiski meklēšanas uzdevumi,
3,11,8,4,0,InfiniteLoops,Ieciklošanās,Spriedumi par algoritmu ieciklošanos,
3,12,0,0,0,DiscreteProbability,Diskrēto notikumu varbūtības,Uzdevumi par varbūtībām ,
3,12,1,0,0,CombiningEvents,Notikumu un to kombināciju varbūtības,Notikumu varbūtību noteikšana ar Laplasa varbūtības definīciju,
3,12,2,0,0,ConditionalProbability,Nosacītā varbūtība,Nosacītā varbūtība un Beiesa formula,
3,12,3,0,0,DiscreteRandomVariables,Diskrētie gadījumlielumi,"Gadījumlielumi, to sadalījuma un blīvuma funkcijas, darbības ar tiem",
3,12,3,1,0,DiscreteRandomVariablesMoments,Gadījumlieluma vidējās vērtība un dispersija,Gadījumlieluma aprakstīšana ar vidējo vērtību n ,
3,12,3,1,1,IndependentRandomVariables,Neatkarīgu gadījumlielumu īpašības,$E(X+Y)$ un $V(X+Y)$ formulas,
3,12,3,1,2,RandomVariableInequalities,Markova un Čebiševa nevienādības,Apgalvojumi par gadījumlieluma novirzi no savas vidējās vērtības,
3,12,3,2,0,KnownDistributions,Pazīstami varbūtiskie sadalījumi,"Bernulli, binomiālais, Puasona, logaritmiskais, ģeometriskais, hiperģeometriskais, Zipfa, Benforda sadalījumi",
4,0,0,0,0,Geometry,Ģeometrija,Ģeometrijas tēmas,
4,1,0,0,0,Planimetry,Planimetrija,"Apgalvojumi un sakarības par vienkāršām figūrām, kas iegūstamas ar cirkuli un lineālu Eiklīda plaknē un to kongruences vai līdzības pārveidojumiem",
4,1,1,0,0,Constructions,2D konstrukcijas,Veikt planimetrijas konstrukcijas uzdevumu risināšanā.,
4,1,1,1,0,ConstructionsTriangulate,Triangulācija,Veikt daudzstūru triangulāciju,
4,1,1,2,0,ConstructionsSmallMovements,Mazi ģeometriski pārvietojumi,"Izdarīt spriedumus, kuros ir ""ļoti mazi"" ģeometriski pārvietojumi",
4,1,2,0,0,Angles,"Attālumu, leņķu mērīšana","Lietot vienkāršus spriedumus par attālumu, leņķu, laukumu mērīšanu",
4,1,2,1,0,AnglesSimpleProperties,Leņķu sakarības,Izmantot vienkāršas leņķu sakarības,
4,1,2,2,0,AnglesCentral,Centra leņķi,Izmantot centra leņķu un sektoru metriskās sakarības,
4,1,2,3,0,AnglesParallelLines,Leņķi un paralēlas taisnes,"Leņķi un paralēlas taisnes: blakusleņķi (linear pairs), krustleņķi (vertical angles), kāpšļu leņķi (corresponding angles), iekšējie un ārējie leņķi (interior and exterior angles)",
4,1,3,0,0,Circle,Riņķa līnijas īpašības,Izmantot riņķa līnijas ģeometriskās īpašības,
4,1,3,1,0,CircleAngles,Leņķu sakarības riņķī,Izmantot leņķu īpašības saistībā ar riņķi,
4,1,3,2,0,CircleInscribedAngles,Ievilkts leņķis,Izmantot riņķī ievilkta leņķa īpašības,
4,1,4,0,0,Triangle,Trijstūri,Izmantot trijstūru ģeometriskās īpašības,
4,1,4,1,0,TriangleAngles,Leņķu sakarības trijstūrī; iekšējo leņķu summa,Izmantot trijstūra iekšējo un ārējo leņķu sakarības,
4,1,4,2,0,TriangleArea,Laukuma formulas,Izmantot trijstūru laukuma formulas,
4,1,4,2,1,TriangleAreaBaseHeight,Trijstūra laukums ar pamatu un augstumu,Izmantot trijstūra laukuma formulu $S=\frac{ah}{2}$,
4,1,4,2,2,TrinagleAreaSidesAndAngle,Trijstūra laukums ar malām un leņķi,Izmantot trijstūra laukuma formulu $S=\frac{1}{2}ab \sin \gamma$,
4,1,4,3,0,TriangleCongruence,Vienādības pazīmes,Izmantot trijstūru vienādības pazīmes,
4,1,4,4,0,TrianglesSpecial,Īpašie trijstūri,Izmantot noteiktu trijstūru apakškopu īpašības,
4,1,4,4,1,TrianglesEquilateral,Vienādmalu trijstūri,Izmantot vienādmalu trijstūru īpašības,
4,1,4,4,2,TrianglesIsosceles,Vienādsānu trijstūri,Izmantot vienādsānu trijstūru īpašības,
4,1,5,0,0,Quadrangles,Četrstūri,Izmantot četrstūru ģeometriskās īpašības,
4,1,5,1,0,Rectangles,Taisnstūru īpašības,Izmantot kvadrātu un taisnstūru ģeometriskās īpašības,
4,1,5,2,0,Parallelograms,Rombi un paralelogrami,Izmantot rombu un paralelogramu ģeometriskās īpašības,
4,1,5,3,0,Trapezoids,"Trapeces, to īpašības un laukums",Izmantot trapeču ģeometriskās īpašības un laukuma formulu,
4,1,6,0,0,Polygons,Daudzstūri,Izmantot daudzstūru īpašības,
4,1,6,1,0,PolygonRegular,Regulāri daudzstūri,Regulāru daudzstūru īpašības un elementi,
4,1,6,2,0,PolygonAnglesSum,Daudzstūra iekšējo leņķu summa,Izmantot daudzstūru leņķu summas sakarību $180^{\circ}(n-2)$,
4,2,0,0,0,CombinatorialGeometry,Kombinatoriskā ģeometrija,Kombinatoriskās ģeometrijas apakštēmas,
4,2,1,0,0,SquareGrid,Rūtiņu īpašības,Izmantot rūtiņu laukuma īpašības,
4,2,1,1,0,SquareGridShapes,Figūras rūtiņu plaknē,Veidot figūriņas pa rūtiņu līnijām,
4,2,1,2,0,SquareGridCutting,Sagriešana pa rūtiņām,Risināt rūtiņu laukumu sagriešanas uzdevumus,
5,0,0,0,0,AnalysisAndFunctions,Analīze un funkcijas,,
5,1,0,0,0,RealAnalysis,Reāla argumenta funkciju analīze,,
5,1,1,0,0,ComputingLimits,Robežas aprēķināšana,,
5,1,1,1,0,LimitDefinitionAndProperties,Definīcija un pamatīpašības,,
5,1,1,2,0,TheoremsAboutLimits,Teorēmas par robežām,,
5,1,1,3,0,InequalitiesAsVariableApproachesLimit,Robežpāreja nevienādībās,,
5,1,1,4,0,IterativeProcesses,Iteratīvi procesi,,
5,1,2,0,0,AdvancedCounting,Summu aprēķināšana,,
5,1,2,1,0,CreatingLinearCombinations,Lineāru kombināciju veidošana,,
5,1,2,2,0,TelescopicSums,Teleskopiskā metode,,
5,1,2,3,0,CountingBackAndForth,"Skaitīšana ""turp-atpakaļ""",,
5,1,2,4,0,AbelFormula,Ābela formula,,
5,1,2,5,0,GeneratingFunctions,Veidotājfunkciju metode,,
5,1,2,6,0,InterpretationsInCounting,Interpretācijas,,
5,1,2,6,1,CombinatorialNumbers,Kombinatoriskie skaitļi,,
5,1,2,6,2,GeometricInterpretationsInCounting,Ģeometriskās interpretācijas,,
5,1,2,6,3,OtherInterpretationsInCounting,Speciālas interpretācijas,,
5,1,3,0,0,StudyingContinuousFunctions,Nepārtrauktu funkciju pētīšana,,
5,1,4,0,0,UsingIntegrals,Integrāļa pielietojumi,,
5,1,5,0,0,ExtremeProblemsForRealFunctions,Ekstrēmu uzdevumi,,
5,1,6,0,0,NumberSets,Dažādas skaitļu kopas,"Naturāli, veseli, racionāli, reāli skaitļi; reālu skaitļu kopas pilnība",
5,1,6,1,0,IrrationalNumbers,Iracionāli skaitļi,Rezultāti par skaitļu racionalitāti un iracionalitāti,
5,1,6,2,0,QuadraticFields,Kvadrātiskie lauki,"Skaitļu lauki $\mathbb{Q}[\sqrt{d}]$, kas rodas pievienojot racionāliem skaitļiem $\sqrt{d}$",
5,2,0,0,0,FunctionalEquations,Funkcionālvienādojumi,,
5,2,1,0,0,FunctionalEquationsInDiscreteSets,Funkcionālvienādojumi veseliem un racionāliem skaitļiem,,
5,2,1,1,0,CreatingEquationSystems,Vienādojumu sistēmu veidošanas metode,,
5,2,1,2,0,InequalitiesForFunctionalEquations,Nevienādību lietošana,,Vai pārklājas ar 5.2.2.4.0?
5,2,1,3,0,FunctionalEquationsReduction,Reducēšanas metode,,
5,2,1,4,0,ModelsForDiscreteFunctionalEquations,Modeļu veidošana,,Vai pārklājas ar 5.2.2.7.0?
5,2,1,5,0,LinearRecurrences,Lineāru rekurenču atrisināšana,Rekurentās sakarības ar konstantiem koeficientiem un to atrisināšana,
5,2,2,0,0,FunctionalEquationsForRealFunctions,Reālu funkciju funkcionālvienādojumi,Funkcionālvienādojumi reālo skaitļu kopā,
5,2,2,1,0,CauchyEquationsAndRelated,"Košī vienādojumi un vienādojumi, kas uz tiem reducējas",,
5,2,2,2,0,EquationsDescribingElementaryFunctions,Elementāro funkciju funkcionālvienādojumi,Klasisko elementāro funkciju raksturīgākie funkcionālvienādojumi un to pielietojumi,
5,2,2,3,0,AuxiliaryFunctionMethod,Palīgfunkcijas metode,,
5,2,2,4,0,InequalitiesForRealFunctionalEquations,Nevienādību lietošana,,
5,2,2,5,0,ContinuityForFunctionalEquations,Nepārtrauktības īpašības izmantošana,,
5,2,2,6,0,AdditiveFunctions,Aditīvas funkcijas,,
5,2,2,7,0,ModelsForRealFunctionalEquations,Modeļu veidošana,,
5,2,3,0,0,MultiargumentOpearationsAsAxioms,Vairākvietīgo operāciju aksiomātiskie apraksti,,
5,2,3,1,0,DerivingNewPropertiesFromOthers,Vienu īpašību secināšana no citām,,
5,2,3,2,0,UniquelyDeterminedOperations,Operāciju viennozīmīga noteikšana,,
5,2,3,3,0,ModelsForMultiargumentOperations,Modeļu veidošana,,
5,2,4,0,0,InterpretingAxiomSystems,Aksiomu sistēmu interpretācijas.,,